model,baseline,n_cutoffs,pr_auc_difference,low,high,window,policy,horizon
A,raw_count,8,-0.1738517246833894,-0.67094617228177,0.216154762260624,primary,include,6
A,size_normalized,0,,,,primary,include,6
A,prior_action,8,-0.2155183913500561,-0.7148412412248623,0.15533813730297744,primary,include,6
A,self_normalized,8,0.017304741063601147,-0.14575009253169127,0.20074537291527134,primary,include,6
B,raw_count,6,-0.23548860161245483,-0.9776636904761904,-0.03530917280917283,primary,include,6
B,size_normalized,0,,,,primary,include,6
B,prior_action,6,-0.23548860161245483,-0.9776636904761904,-0.03530917280917283,primary,include,6
B,self_normalized,6,-0.06905101142486464,-0.28219818900633065,-0.0007346525184203452,primary,include,6
C,raw_count,8,-0.2592286623254331,-0.7655776972624799,-0.1059044759091559,primary,include,6
C,size_normalized,0,,,,primary,include,6
C,prior_action,8,-0.30089532899209975,-0.7655776972624799,-0.11611060253347127,primary,include,6
C,self_normalized,8,-0.06807219657844252,-0.286027057599164,0.003069722868444505,primary,include,6
A,raw_count,8,-0.10251611822456054,-0.34394020751117044,0.05503194121087431,primary,include,12
A,size_normalized,0,,,,primary,include,12
A,prior_action,8,-0.1203732610817034,-0.3624523493845775,0.05503194121087431,primary,include,12
A,self_normalized,8,0.01103524710931841,-0.0679977608177772,0.07509948159896129,primary,include,12
B,raw_count,6,-0.13782221314986715,-0.49987342820714964,-0.04969398284704866,primary,include,12
B,size_normalized,0,,,,primary,include,12
B,prior_action,6,-0.13782221314986715,-0.49987342820714964,-0.04969398284704866,primary,include,12
B,self_normalized,6,-0.013472496931218889,-0.09606211877631997,0.006337815729117326,primary,include,12
C,raw_count,7,-0.16578769325748163,-0.4973773820332892,-0.11497476985358689,primary,include,12
C,size_normalized,0,,,,primary,include,12
C,prior_action,7,-0.18662102659081495,-0.5008710847002099,-0.11526756501841295,primary,include,12
C,self_normalized,7,-0.022063893597642843,-0.15106129098096244,0.005002590717416033,primary,include,12
A,raw_count,8,-0.13766422839435757,-0.4401315827100769,0.07068069477840436,primary,include,18
A,size_normalized,0,,,,primary,include,18
A,prior_action,8,-0.15552137125150042,-0.44361776868700825,0.07068069477840436,primary,include,18
A,self_normalized,8,0.03104150570688924,-0.04187790779390909,0.1256635869013974,primary,include,18
B,raw_count,5,-0.1765800166418638,-0.6368121706911843,-0.05840664522009868,primary,include,18
B,size_normalized,0,,,,primary,include,18
B,prior_action,5,-0.1765800166418638,-0.6368121706911843,-0.05840664522009868,primary,include,18
B,self_normalized,5,-0.01482544065816069,-0.09095481125985481,0.005541623414553804,primary,include,18
C,raw_count,7,-0.14528443116103176,-0.4562294424935596,-0.037509291515316616,primary,include,18
C,size_normalized,0,,,,primary,include,18
C,prior_action,7,-0.1661177644943651,-0.4713043756760002,-0.039082950078821024,primary,include,18
C,self_normalized,7,0.007941291465061437,-0.11279235636165992,0.1359181808435981,primary,include,18
A,raw_count,8,-0.04802316301515569,-0.5094512747140325,0.306336346693266,primary,exclude_confirmed,6
A,size_normalized,0,,,,primary,exclude_confirmed,6
A,prior_action,8,-0.04802316301515569,-0.5094512747140325,0.306336346693266,primary,exclude_confirmed,6
A,self_normalized,8,0.036529515496496495,-0.12154801452379667,0.22519114044995733,primary,exclude_confirmed,6
B,raw_count,6,-0.1800854425854426,-0.7076258877977437,-0.030618083670715234,primary,exclude_confirmed,6
B,size_normalized,0,,,,primary,exclude_confirmed,6
B,prior_action,6,-0.1800854425854426,-0.7076258877977437,-0.030618083670715234,primary,exclude_confirmed,6
B,self_normalized,6,-0.06929600054600055,-0.3195907114010562,-0.0010145664240091483,primary,exclude_confirmed,6
C,raw_count,6,-0.17904876497109506,-0.7054072362658286,-0.030012645809815604,primary,exclude_confirmed,6
C,size_normalized,0,,,,primary,exclude_confirmed,6
C,prior_action,6,-0.17904876497109506,-0.7054072362658286,-0.030012645809815604,primary,exclude_confirmed,6
C,self_normalized,6,-0.06825932293165303,-0.3182561794300338,0.0,primary,exclude_confirmed,6
A,raw_count,8,-0.04188529403610497,-0.2770943633124105,0.12012269570781495,primary,exclude_confirmed,12
A,size_normalized,0,,,,primary,exclude_confirmed,12
A,prior_action,8,-0.04188529403610497,-0.2770943633124105,0.12012269570781495,primary,exclude_confirmed,12
A,self_normalized,8,0.018828434127327657,-0.05545121627821932,0.09653513395447245,primary,exclude_confirmed,12
B,raw_count,6,-0.11115133100427217,-0.4019537142573124,-0.03151784837655433,primary,exclude_confirmed,12
B,size_normalized,0,,,,primary,exclude_confirmed,12
B,prior_action,6,-0.11115133100427217,-0.4019537142573124,-0.03151784837655433,primary,exclude_confirmed,12
B,self_normalized,6,-0.01896797770521825,-0.11908162324217846,-0.005266692447067459,primary,exclude_confirmed,12
C,raw_count,6,-0.11037840961004934,-0.3998329527867199,-0.03090444974867621,primary,exclude_confirmed,12
C,size_normalized,0,,,,primary,exclude_confirmed,12
C,prior_action,6,-0.11037840961004934,-0.3998329527867199,-0.03090444974867621,primary,exclude_confirmed,12
C,self_normalized,6,-0.0181950563109954,-0.11702468223077127,-0.0040824644240160775,primary,exclude_confirmed,12
A,raw_count,8,-0.04306315410505762,-0.3157064580078503,0.12803120347464933,primary,exclude_confirmed,18
A,size_normalized,0,,,,primary,exclude_confirmed,18
A,prior_action,8,-0.04306315410505762,-0.3157064580078503,0.12803120347464933,primary,exclude_confirmed,18
A,self_normalized,8,0.041139780675819866,-0.03311492762956914,0.1457330267029645,primary,exclude_confirmed,18
B,raw_count,5,-0.13917109160801822,-0.4525668475772085,-0.04194207800346391,primary,exclude_confirmed,18
B,size_normalized,0,,,,primary,exclude_confirmed,18
B,prior_action,5,-0.13917109160801822,-0.4525668475772085,-0.04194207800346391,primary,exclude_confirmed,18
B,self_normalized,5,-0.016167796735464302,-0.10735613115018146,-0.0002115881492281766,primary,exclude_confirmed,18
C,raw_count,5,-0.09922462623394482,-0.4495798271328881,0.12477656566052867,primary,exclude_confirmed,18
C,size_normalized,0,,,,primary,exclude_confirmed,18
C,prior_action,5,-0.09922462623394482,-0.4495798271328881,0.12477656566052867,primary,exclude_confirmed,18
C,self_normalized,5,0.0237786686386091,-0.10106388940838716,0.2407328805767112,primary,exclude_confirmed,18
A,raw_count,10,-0.07938096770679168,-0.4413838070125784,0.15760039603411335,secondary,include,6
A,size_normalized,0,,,,secondary,include,6
A,prior_action,10,-0.10438096770679169,-0.4646878041203259,0.1418864850156131,secondary,include,6
A,self_normalized,10,0.014827138484731573,-0.11064067681502882,0.13977884441485544,secondary,include,6
B,raw_count,8,-0.0864473083250244,-0.4923627268788559,0.10108055626211486,secondary,include,6
B,size_normalized,0,,,,secondary,include,6
B,prior_action,8,-0.0864473083250244,-0.4923627268788559,0.10108055626211486,secondary,include,6
B,self_normalized,8,-0.028835729802068173,-0.18722949997820307,0.06640640743327117,secondary,include,6
C,raw_count,10,0.03981785690716285,-0.5115421520158155,0.2617423284554924,secondary,include,6
C,size_normalized,0,,,,secondary,include,6
C,prior_action,10,0.014817856907162854,-0.5115421520158155,0.21467712798627417,secondary,include,6
C,self_normalized,10,0.13402596309868614,-0.20684516918088283,0.32693596704607486,secondary,include,6
A,raw_count,9,-0.0883672510538443,-0.2942400239698495,0.049186536448995725,secondary,include,12
A,size_normalized,0,,,,secondary,include,12
A,prior_action,9,-0.1039922510538443,-0.31376876024690287,0.049122244984895876,secondary,include,12
A,self_normalized,9,0.010660569676864707,-0.05547462263846467,0.06243672780930771,secondary,include,12
B,raw_count,7,-0.11358806786330584,-0.38906261532443204,-0.03066280292327237,secondary,include,12
B,size_normalized,0,,,,secondary,include,12
B,prior_action,7,-0.11358806786330584,-0.38906261532443204,-0.03066280292327237,secondary,include,12
B,self_normalized,7,-0.01040280292967907,-0.07982086100925546,0.008115242456924169,secondary,include,12
C,raw_count,8,-0.10574535861419977,-0.37018584570999924,0.022143535121952627,secondary,include,12
C,size_normalized,0,,,,secondary,include,12
C,prior_action,8,-0.12360250147134264,-0.381931548028038,0.004121009079034622,secondary,include,12
C,self_normalized,8,0.017069756595450514,-0.10689040610607464,0.16795209216064502,secondary,include,12
A,raw_count,9,-0.1200264995731196,-0.37508210513137297,0.06274668375002958,secondary,include,18
A,size_normalized,0,,,,secondary,include,18
A,prior_action,9,-0.13565149957311962,-0.3800565098285499,0.06274668375002958,secondary,include,18
A,self_normalized,9,0.028532925791226803,-0.033022975092399286,0.1108215676819517,secondary,include,18
B,raw_count,6,-0.14004992204620828,-0.5047385529051033,-0.039297387500244474,secondary,include,18
B,size_normalized,0,,,,secondary,include,18
B,prior_action,6,-0.14004992204620828,-0.5047385529051033,-0.039297387500244474,secondary,include,18
B,self_normalized,6,-0.00913920841803705,-0.07475992332364166,0.011343927714304746,secondary,include,18
C,raw_count,8,-0.0767933168816949,-0.37955851489805714,0.08270965398125144,secondary,include,18
C,size_normalized,0,,,,secondary,include,18
C,prior_action,8,-0.09465045973883776,-0.3906515948041847,0.08000579044054563,secondary,include,18
C,self_normalized,8,0.05561948311296266,-0.08564731204548554,0.21781024376763486,secondary,include,18
A,raw_count,10,-0.035149316705811215,-0.4394580545207439,0.25214751782900363,secondary,exclude_confirmed,6
A,size_normalized,0,,,,secondary,exclude_confirmed,6
A,prior_action,10,-0.035149316705811215,-0.4394580545207439,0.25214751782900363,secondary,exclude_confirmed,6
A,self_normalized,10,0.027820578356789714,-0.09011607111658504,0.16768636705094614,secondary,exclude_confirmed,6
B,raw_count,8,-0.11876727918394586,-0.4837423059297193,0.0022371134020618493,secondary,exclude_confirmed,6
B,size_normalized,0,,,,secondary,exclude_confirmed,6
B,prior_action,8,-0.11876727918394586,-0.4837423059297193,0.0022371134020618493,secondary,exclude_confirmed,6
B,self_normalized,8,-0.045500469585835444,-0.2160143533831628,0.0017985329575135307,secondary,exclude_confirmed,6
C,raw_count,8,0.21049526779704775,-0.46098405785043245,0.9783302497687326,secondary,exclude_confirmed,6
C,size_normalized,0,,,,secondary,exclude_confirmed,6
C,prior_action,8,0.21049526779704775,-0.46098405785043245,0.9783302497687326,secondary,exclude_confirmed,6
C,self_normalized,8,0.28376207739515813,-0.20226139151596031,0.9740601503759398,secondary,exclude_confirmed,6
A,raw_count,9,-0.03563818395688133,-0.2528901668099039,0.10455263297901328,secondary,exclude_confirmed,12
A,size_normalized,0,,,,secondary,exclude_confirmed,12
A,prior_action,9,-0.03563818395688133,-0.2528901668099039,0.10455263297901328,secondary,exclude_confirmed,12
A,self_normalized,9,0.017056809787853816,-0.04561587525845036,0.076272465516246,secondary,exclude_confirmed,12
B,raw_count,7,-0.09125976717888483,-0.30509397853110237,-0.020020070756501387,secondary,exclude_confirmed,12
B,size_normalized,0,,,,secondary,exclude_confirmed,12
B,prior_action,7,-0.09125976717888483,-0.30509397853110237,-0.020020070756501387,secondary,exclude_confirmed,12
B,self_normalized,7,-0.015012997294031083,-0.0990589630770287,-0.0017131086182726298,secondary,exclude_confirmed,12
C,raw_count,7,-0.009043245382111828,-0.2843391103789401,0.20534107180192293,secondary,exclude_confirmed,12
C,size_normalized,0,,,,secondary,exclude_confirmed,12
C,prior_action,7,-0.009043245382111828,-0.2843391103789401,0.20534107180192293,secondary,exclude_confirmed,12
C,self_normalized,7,0.06720352450274193,-0.07509125387316239,0.24186458282364479,secondary,exclude_confirmed,12
A,raw_count,9,-0.0365944602943023,-0.28847420876305396,0.11646387783439963,secondary,exclude_confirmed,18
A,size_normalized,0,,,,secondary,exclude_confirmed,18
A,prior_action,9,-0.0365944602943023,-0.28847420876305396,0.11646387783439963,secondary,exclude_confirmed,18
A,self_normalized,9,0.036678637922878336,-0.028478422360054326,0.1252858984027369,secondary,exclude_confirmed,18
B,raw_count,6,-0.11120701307711048,-0.38084355250063034,-0.03142575967762442,secondary,exclude_confirmed,18
B,size_normalized,0,,,,secondary,exclude_confirmed,18
B,prior_action,6,-0.11120701307711048,-0.38084355250063034,-0.03142575967762442,secondary,exclude_confirmed,18
B,self_normalized,6,-0.01345152872480682,-0.08719046133970802,-0.0013414783109240496,secondary,exclude_confirmed,18
C,raw_count,6,-0.030982609356981515,-0.3776866477358731,0.3015329638560053,secondary,exclude_confirmed,18
C,size_normalized,0,,,,secondary,exclude_confirmed,18
C,prior_action,6,-0.030982609356981515,-0.3776866477358731,0.3015329638560053,secondary,exclude_confirmed,18
C,self_normalized,6,0.06677287499532214,-0.08050740800493955,0.3697621992194398,secondary,exclude_confirmed,18
