window,policy,horizon,model,bin,n,predicted,observed,low,high
primary,exclude_confirmed,6,B,0,108,0.009758031077448544,0.0,0.0,0.0
primary,exclude_confirmed,6,B,1,555,0.013305391475671675,0.005405405405405406,0.0,0.012821100917431192
primary,exclude_confirmed,6,C,0,136,0.007347944902171492,0.0,0.0,0.0
primary,exclude_confirmed,6,C,1,521,0.0131229437952721,0.005758157389635317,0.0,0.011814552812372554
primary,exclude_confirmed,6,C,2,6,0.03430237860969052,0.0,0.0,0.0
primary,exclude_confirmed,12,B,1,550,0.02471190240625951,0.01090909090909091,0.0035522404041167504,0.02120920449419341
primary,exclude_confirmed,12,B,2,112,0.033174105513302576,0.008928571428571428,0.0,0.02727272727272727
primary,exclude_confirmed,12,C,0,16,0.004756720760161068,0.0,0.0,0.0
primary,exclude_confirmed,12,C,1,524,0.023869727068538887,0.011450381679389313,0.0037095538799339586,0.021444593218205327
primary,exclude_confirmed,12,C,2,122,0.03450911233071247,0.00819672131147541,0.0,0.025210084033613446
primary,exclude_confirmed,18,B,2,547,0.03940698800414596,0.014625228519195612,0.0053094999843647395,0.0282526001540832
primary,exclude_confirmed,18,C,0,1,0.00888883010040813,0.0,0.0,0.0
primary,exclude_confirmed,18,C,1,12,0.02232163580371128,0.0,0.0,0.0
primary,exclude_confirmed,18,C,2,534,0.03891126857971729,0.0149812734082397,0.005483961199188819,0.0271344222242331
primary,include,6,B,0,13,0.009468233380733194,0.0,0.0,0.0
primary,include,6,B,1,638,0.01392991405733215,0.004702194357366771,0.0,0.011130109154446684
primary,include,6,C,0,50,0.0036068440497729402,0.0,0.0,0.0
primary,include,6,C,1,818,0.01624749554171631,0.008557457212713936,0.003387884122919335,0.014915576192486273
primary,include,6,C,2,11,0.03757028507059862,0.0,0.0,0.0
primary,include,12,B,1,425,0.025750901202800287,0.009411764705882352,0.0022727272727272726,0.019192840849271794
primary,include,12,B,2,225,0.03265830126600659,0.013333333333333334,0.0,0.03057782973296749
primary,include,12,C,0,12,0.0031810894075969855,0.0,0.0,0.0
primary,include,12,C,1,415,0.02542007082176102,0.00963855421686747,0.0,0.01980320860870206
primary,include,12,C,2,337,0.03723690829595877,0.020771513353115726,0.008620689655172414,0.03614730826629781
primary,include,18,B,1,3,0.02585468268604041,0.0,0.0,0.0
primary,include,18,B,2,534,0.04280148072202924,0.0149812734082397,0.005454297970631909,0.027131782945736434
primary,include,18,C,0,1,0.00879098416503337,0.0,0.0,0.0
primary,include,18,C,1,12,0.023923095912215017,0.0,0.0,0.0
primary,include,18,C,2,748,0.050230398887336096,0.020053475935828877,0.010306323461816272,0.031770155798044104
secondary,exclude_confirmed,6,B,0,305,0.009149044222977671,0.003278688524590164,0.0,0.012870225929345338
secondary,exclude_confirmed,6,B,1,569,0.01323621076302753,0.005272407732864675,0.0,0.012544802867383513
secondary,exclude_confirmed,6,C,0,338,0.007880529806562717,0.0,0.0,0.0
secondary,exclude_confirmed,6,C,1,529,0.01312297103552242,0.005671077504725898,0.0,0.01208443127383547
secondary,exclude_confirmed,6,C,2,7,0.03411423688008786,0.14285714285714285,0.0,0.3762500000000003
secondary,exclude_confirmed,12,B,1,657,0.02375381953744071,0.0121765601217656,0.004347355543007717,0.022698834556001017
secondary,exclude_confirmed,12,B,2,112,0.033174105513302576,0.008928571428571428,0.0,0.027278982485404498
secondary,exclude_confirmed,12,C,0,20,0.003805376608128854,0.0,0.0,0.0
secondary,exclude_confirmed,12,C,1,625,0.02300480238692878,0.0112,0.0031644319795228666,0.021127907510207825
secondary,exclude_confirmed,12,C,2,124,0.03462699986106964,0.016129032258064516,0.0,0.04032258064516129
secondary,exclude_confirmed,18,B,1,106,0.028989364872445262,0.018867924528301886,0.0,0.04807692307692308
secondary,exclude_confirmed,18,B,2,547,0.03940698800414596,0.014625228519195612,0.0053376050579238285,0.0274750525210084
secondary,exclude_confirmed,18,C,0,4,0.008603335386692664,0.0,0.0,0.0
secondary,exclude_confirmed,18,C,1,113,0.026657439962994682,0.008849557522123894,0.0,0.0297029702970297
secondary,exclude_confirmed,18,C,2,536,0.03892248559453786,0.016791044776119403,0.005454545454545455,0.03148495827843653
secondary,include,6,B,0,207,0.009730861008481334,0.00966183574879227,0.0,0.023367228291869595
secondary,include,6,B,1,651,0.013853035122348024,0.004608294930875576,0.0,0.01082298091505041
secondary,include,6,C,0,246,0.007942615530099686,0.0040650406504065045,0.0,0.013277299304677621
secondary,include,6,C,1,828,0.016205424240289482,0.008454106280193236,0.0023751561954723013,0.014310761675104467
secondary,include,6,C,2,12,0.03794475055208456,0.08333333333333333,0.0,0.25
secondary,include,12,B,1,530,0.02472667431238936,0.011320754716981131,0.0037869904485758146,0.02176383399209484
secondary,include,12,B,2,225,0.03265830126600659,0.013333333333333334,0.0,0.027278982485404498
secondary,include,12,C,0,17,0.0028322082313663594,0.0,0.0,0.0
secondary,include,12,C,1,513,0.024440150098103266,0.009746588693957114,0.0018930593105778981,0.018487230492813134
secondary,include,12,C,2,339,0.037303776215383416,0.02359882005899705,0.008695652173913044,0.04229607250755287
secondary,include,18,B,1,18,0.028155039123944212,0.0,0.0,0.0
secondary,include,18,B,2,623,0.04129996704640071,0.01765650080256822,0.0076375075086903875,0.03130406960120903
secondary,include,18,C,0,4,0.008846851915688864,0.0,0.0,0.0
secondary,include,18,C,1,26,0.025858883445698214,0.0,0.0,0.0
secondary,include,18,C,2,835,0.04828567861592979,0.02155688622754491,0.01092785486908982,0.03489435174052024
