entity_id,relative_month,case,peer
E073BF657F5B1,-48,1.0,1.0
E073BF657F5B1,-47,0.982635342185904,1.010233918128655
E073BF657F5B1,-46,0.9315628192032687,1.0204678362573099
E073BF657F5B1,-45,0.9039836567926456,1.0153508771929824
E073BF657F5B1,-44,0.8886618998978549,1.0175438596491229
E073BF657F5B1,-43,0.8661899897854954,1.0080409356725146
E073BF657F5B1,-42,0.8314606741573034,0.993421052631579
E073BF657F5B1,-41,0.7987742594484167,0.9948830409356725
E073BF657F5B1,-40,0.7609805924412666,0.9714912280701754
E073BF657F5B1,-39,0.7425944841675178,0.9685672514619883
E073BF657F5B1,-38,0.7007150153217568,0.9385964912280702
E073BF657F5B1,-37,0.6670071501532175,0.9173976608187134
E073BF657F5B1,-36,0.6312563840653729,0.9078947368421053
E073BF657F5B1,-35,0.5944841675178754,0.8918128654970761
E073BF657F5B1,-34,0.5812053115423902,0.8801169590643275
E073BF657F5B1,-33,0.5403472931562819,0.8640350877192983
E073BF657F5B1,-32,0.5045965270684372,0.8355263157894737
E073BF657F5B1,-31,0.449438202247191,0.820906432748538
E073BF657F5B1,-30,0.4310520939734423,0.8391812865497076
E073BF657F5B1,-29,0.40755873340143,0.8267543859649122
E073BF657F5B1,-28,0.3861082737487232,0.8172514619883041
E073BF657F5B1,-27,0.3738508682328907,0.804093567251462
E073BF657F5B1,-26,0.3615934627170582,0.8092105263157895
E073BF657F5B1,-25,0.34627170582226763,0.8055555555555556
E073BF657F5B1,-24,0.3299284984678243,0.8157894736842105
E073BF657F5B1,-23,0.31971399387129723,0.810672514619883
E073BF657F5B1,-22,0.30745658835546474,0.814327485380117
E073BF657F5B1,-21,0.30337078651685395,0.8077485380116959
E073BF657F5B1,-20,0.2839632277834525,0.8201754385964912
E073BF657F5B1,-19,0.26455566905005107,0.8267543859649122
E073BF657F5B1,-18,0.23084780388151174,0.7989766081871345
E073BF657F5B1,-17,0.20633299284984677,0.8099415204678363
E073BF657F5B1,-16,0.1807967313585291,0.8201754385964912
E073BF657F5B1,-15,0.15321756894790603,0.814327485380117
E073BF657F5B1,-14,0.12768130745658834,0.8282163742690059
E073BF657F5B1,-13,0.10520939734422881,0.8070175438596491
E073BF657F5B1,-12,0.07967313585291114,0.8026315789473685
E073BF657F5B1,-11,0.05822267620020429,0.7916666666666666
E073BF657F5B1,-10,0.03575076608784474,0.7953216374269005
E073BF657F5B1,-9,0.012257405515832482,0.8179824561403509
E073BF657F5B1,-8,0.0010214504596527069,0.8062865497076024
E073BF657F5B1,-7,0.0010214504596527069,0.8033625730994152
E073BF657F5B1,-6,0.0010214504596527069,0.8114035087719298
E073BF657F5B1,-5,0.0010214504596527069,0.7923976608187134
E073BF657F5B1,-4,0.0010214504596527069,0.7777777777777778
E073BF657F5B1,-3,0.0010214504596527069,0.783625730994152
E073BF657F5B1,-2,0.0010214504596527069,0.7383040935672515
E073BF657F5B1,-1,0.0010214504596527069,0.7309941520467836
E073BF657F5B1,0,0.0010214504596527069,0.7046783625730995
E073BF657F5B1,1,0.0010214504596527069,0.7002923976608187
E073BF657F5B1,2,0.0010214504596527069,0.685672514619883
E073BF657F5B1,3,0.0010214504596527069,0.672514619883041
E073BF657F5B1,4,0.0010214504596527069,0.6783625730994152
E073BF657F5B1,5,0.0020429009193054137,0.6812865497076024
E073BF657F5B1,6,0.0020429009193054137,0.6988304093567251
E073BF657F5B1,7,0.0020429009193054137,0.7273391812865497
E073BF657F5B1,8,0.0020429009193054137,0.7456140350877193
E073BF657F5B1,9,0.0020429009193054137,0.756578947368421
E073BF657F5B1,10,0.0020429009193054137,0.7821637426900585
E073BF657F5B1,11,0.0020429009193054137,0.820906432748538
E073BF657F5B1,12,0.0020429009193054137,0.8245614035087719
E1FC3BC613A71,-48,1.0,1.0
E1FC3BC613A71,-47,1.1215277777777777,1.145631067961165
E1FC3BC613A71,-46,1.2482638888888888,1.3268608414239482
E1FC3BC613A71,-45,1.4036458333333333,1.4822006472491909
E1FC3BC613A71,-44,1.5486111111111112,1.6084142394822007
E1FC3BC613A71,-43,1.7022569444444444,1.7184466019417475
E1FC3BC613A71,-42,1.8480902777777777,1.9029126213592233
E1FC3BC613A71,-41,2.025173611111111,2.0614886731391584
E1FC3BC613A71,-40,2.2369791666666665,2.233009708737864
E1FC3BC613A71,-39,2.4114583333333335,2.352750809061489
E1FC3BC613A71,-38,2.556423611111111,2.501618122977346
E1FC3BC613A71,-37,2.640625,2.6731391585760518
E1FC3BC613A71,-36,2.717013888888889,2.838187702265372
E1FC3BC613A71,-35,2.868923611111111,3.0323624595469254
E1FC3BC613A71,-34,3.0859375,3.233009708737864
E1FC3BC613A71,-33,3.2491319444444446,3.411003236245955
E1FC3BC613A71,-32,3.349826388888889,3.5728155339805827
E1FC3BC613A71,-31,3.4019097222222223,3.7249190938511325
E1FC3BC613A71,-30,3.4175347222222223,3.9061488673139158
E1FC3BC613A71,-29,3.390625,4.019417475728155
E1FC3BC613A71,-28,3.3289930555555554,4.181229773462783
E1FC3BC613A71,-27,3.3559027777777777,4.258899676375404
E1FC3BC613A71,-26,3.3741319444444446,4.320388349514563
E1FC3BC613A71,-25,3.4835069444444446,4.411003236245954
E1FC3BC613A71,-24,3.4809027777777777,4.365695792880259
E1FC3BC613A71,-23,3.4557291666666665,4.29126213592233
E1FC3BC613A71,-22,3.3784722222222223,4.239482200647249
E1FC3BC613A71,-21,3.3585069444444446,4.233009708737864
E1FC3BC613A71,-20,3.3914930555555554,4.236245954692556
E1FC3BC613A71,-19,3.4071180555555554,4.275080906148867
E1FC3BC613A71,-18,3.4678819444444446,4.148867313915858
E1FC3BC613A71,-17,3.490451388888889,4.236245954692556
E1FC3BC613A71,-16,3.532986111111111,4.242718446601942
E1FC3BC613A71,-15,3.5164930555555554,4.294498381877022
E1FC3BC613A71,-14,3.4722222222222223,4.307443365695793
E1FC3BC613A71,-13,3.4105902777777777,4.239482200647249
E1FC3BC613A71,-12,3.349826388888889,4.29126213592233
E1FC3BC613A71,-11,3.328125,4.359223300970874
E1FC3BC613A71,-10,3.3333333333333335,4.4045307443365695
E1FC3BC613A71,-9,3.2743055555555554,4.407766990291262
E1FC3BC613A71,-8,3.1796875,4.4207119741100325
E1FC3BC613A71,-7,3.1258680555555554,4.411003236245954
E1FC3BC613A71,-6,2.9869791666666665,4.449838187702265
E1FC3BC613A71,-5,2.9027777777777777,4.446601941747573
E1FC3BC613A71,-4,2.8203125,4.472491909385114
E1FC3BC613A71,-3,2.7586805555555554,4.427184466019417
E1FC3BC613A71,-2,2.732638888888889,4.472491909385114
E1FC3BC613A71,-1,2.673611111111111,4.517799352750809
E1FC3BC613A71,0,2.6397569444444446,4.495145631067961
E1FC3BC613A71,1,2.5616319444444446,4.504854368932039
E1FC3BC613A71,2,2.4713541666666665,4.4627831715210355
E1FC3BC613A71,3,2.3680555555555554,4.398058252427185
E1FC3BC613A71,4,2.318576388888889,4.4045307443365695
E1FC3BC613A71,5,2.248263888888889,4.300970873786408
E1FC3BC613A71,6,2.2239583333333335,4.288025889967638
E1FC3BC613A71,7,2.171875,4.155339805825243
E1FC3BC613A71,8,2.1163194444444446,4.061488673139158
E1FC3BC613A71,9,2.0616319444444446,4.019417475728155
E1FC3BC613A71,10,2.0460069444444446,3.9482200647249193
E1FC3BC613A71,11,2.021701388888889,3.896440129449838
E1FC3BC613A71,12,1.9774305555555556,3.825242718446602
E204727426645,-48,1.0,1.0
E204727426645,-47,0.9691119691119691,0.9625779625779626
E204727426645,-46,0.9382239382239382,0.8981288981288982
E204727426645,-45,0.9362934362934363,0.8835758835758836
E204727426645,-44,0.9092664092664092,0.8814968814968815
E204727426645,-43,0.9073359073359073,0.8586278586278586
E204727426645,-42,0.8803088803088803,0.8212058212058212
E204727426645,-41,0.8513513513513513,0.8128898128898129
E204727426645,-40,0.8455598455598455,0.7900207900207901
E204727426645,-39,0.8571428571428571,0.7941787941787942
E204727426645,-38,0.8397683397683398,0.7837837837837838
E204727426645,-37,0.8166023166023166,0.7505197505197505
E204727426645,-36,0.7934362934362934,0.7442827442827443
E204727426645,-35,0.7837837837837838,0.7255717255717256
E204727426645,-34,0.7818532818532818,0.7297297297297297
E204727426645,-33,0.752895752895753,0.7130977130977131
E204727426645,-32,0.7297297297297297,0.7172557172557172
E204727426645,-31,0.6911196911196911,0.6902286902286903
E204727426645,-30,0.693050193050193,0.6881496881496881
E204727426645,-29,0.6621621621621622,0.6528066528066528
E204727426645,-28,0.6486486486486487,0.6299376299376299
E204727426645,-27,0.6583011583011583,0.604989604989605
E204727426645,-26,0.6698841698841699,0.5758835758835759
E204727426645,-25,0.6718146718146718,0.5301455301455301
E204727426645,-24,0.696911196911197,0.5072765072765073
E204727426645,-23,0.6833976833976834,0.46361746361746364
E204727426645,-22,0.6583011583011583,0.4282744282744283
E204727426645,-21,0.6583011583011583,0.42411642411642414
E204727426645,-20,0.6602316602316602,0.3700623700623701
E204727426645,-19,0.6814671814671814,0.3596673596673597
E204727426645,-18,0.6698841698841699,0.3596673596673597
E204727426645,-17,0.693050193050193,0.35343035343035345
E204727426645,-16,0.6833976833976834,0.3388773388773389
E204727426645,-15,0.6718146718146718,0.3201663201663202
E204727426645,-14,0.666023166023166,0.31392931392931395
E204727426645,-13,0.6583011583011583,0.3201663201663202
E204727426645,-12,0.6698841698841699,0.31392931392931395
E204727426645,-11,0.6833976833976834,0.34303534303534305
E204727426645,-10,0.6795366795366795,0.36174636174636177
E204727426645,-9,0.6891891891891891,0.35343035343035345
E204727426645,-8,0.667953667953668,0.367983367983368
E204727426645,-7,0.6718146718146718,0.40332640332640335
E204727426645,-6,0.694980694980695,0.39293139293139295
E204727426645,-5,0.6776061776061776,0.4178794178794179
E204727426645,-4,0.7027027027027027,0.4158004158004158
E204727426645,-3,0.7316602316602316,0.4178794178794179
E204727426645,-2,0.7413127413127413,0.41164241164241167
E204727426645,-1,0.7722007722007722,0.3970893970893971
E204727426645,0,0.752895752895753,0.3887733887733888
E204727426645,1,0.7625482625482626,0.3492723492723493
E204727426645,2,0.8146718146718147,0.3180873180873181
E204727426645,3,0.8532818532818532,0.29313929313929316
E204727426645,4,0.9324324324324325,0.2681912681912682
E204727426645,5,0.9961389961389961,0.21205821205821207
E204727426645,6,1.0308880308880308,0.18087318087318088
E204727426645,7,1.0482625482625483,0.13097713097713098
E204727426645,8,1.0772200772200773,0.11642411642411643
E204727426645,9,1.079150579150579,0.10602910602910603
E204727426645,10,1.0907335907335907,0.09355509355509356
E204727426645,11,1.1042471042471043,0.0893970893970894
E204727426645,12,1.1158301158301158,0.08108108108108109
E299C7B39C453,-48,1.0,1.0
E299C7B39C453,-47,1.0,1.0
E299C7B39C453,-46,1.1666666666666667,1.1666666666666667
E299C7B39C453,-45,1.1666666666666667,1.3333333333333333
E299C7B39C453,-44,1.5,1.3333333333333333
E299C7B39C453,-43,1.6666666666666667,1.3333333333333333
E299C7B39C453,-42,1.6666666666666667,1.3333333333333333
E299C7B39C453,-41,1.6666666666666667,1.5
E299C7B39C453,-40,1.6666666666666667,1.5
E299C7B39C453,-39,1.8333333333333333,1.3333333333333333
E299C7B39C453,-38,1.8333333333333333,1.5
E299C7B39C453,-37,1.8333333333333333,1.3333333333333333
E299C7B39C453,-36,1.1666666666666667,1.5
E299C7B39C453,-35,1.1666666666666667,1.6666666666666667
E299C7B39C453,-34,1.0,1.6666666666666667
E299C7B39C453,-33,1.3333333333333333,1.8333333333333333
E299C7B39C453,-32,1.0,2.0
E299C7B39C453,-31,0.8333333333333334,1.8333333333333333
E299C7B39C453,-30,0.8333333333333334,2.1666666666666665
E299C7B39C453,-29,0.8333333333333334,2.1666666666666665
E299C7B39C453,-28,0.8333333333333334,2.3333333333333335
E299C7B39C453,-27,0.6666666666666666,2.0
E299C7B39C453,-26,0.6666666666666666,1.8333333333333333
E299C7B39C453,-25,0.6666666666666666,2.0
E299C7B39C453,-24,0.6666666666666666,2.0
E299C7B39C453,-23,0.6666666666666666,2.0
E299C7B39C453,-22,0.6666666666666666,1.8333333333333333
E299C7B39C453,-21,0.5,1.5
E299C7B39C453,-20,0.8333333333333334,1.3333333333333333
E299C7B39C453,-19,0.8333333333333334,1.3333333333333333
E299C7B39C453,-18,0.8333333333333334,1.0
E299C7B39C453,-17,0.8333333333333334,0.8333333333333334
E299C7B39C453,-16,1.0,0.8333333333333334
E299C7B39C453,-15,1.3333333333333333,0.8333333333333334
E299C7B39C453,-14,1.3333333333333333,1.0
E299C7B39C453,-13,1.3333333333333333,1.0
E299C7B39C453,-12,1.5,1.0
E299C7B39C453,-11,1.5,0.8333333333333334
E299C7B39C453,-10,1.6666666666666667,1.0
E299C7B39C453,-9,1.5,1.3333333333333333
E299C7B39C453,-8,1.3333333333333333,1.6666666666666667
E299C7B39C453,-7,1.5,1.6666666666666667
E299C7B39C453,-6,1.6666666666666667,2.1666666666666665
E299C7B39C453,-5,1.8333333333333333,2.3333333333333335
E299C7B39C453,-4,1.8333333333333333,2.5
E299C7B39C453,-3,1.5,2.5
E299C7B39C453,-2,1.8333333333333333,2.3333333333333335
E299C7B39C453,-1,1.6666666666666667,2.1666666666666665
E299C7B39C453,0,1.5,2.0
E299C7B39C453,1,1.5,2.0
E299C7B39C453,2,1.3333333333333333,2.1666666666666665
E299C7B39C453,3,1.3333333333333333,2.1666666666666665
E299C7B39C453,4,1.1666666666666667,1.8333333333333333
E299C7B39C453,5,1.1666666666666667,1.8333333333333333
E299C7B39C453,6,1.0,1.5
E299C7B39C453,7,0.8333333333333334,1.3333333333333333
E299C7B39C453,8,0.8333333333333334,1.5
E299C7B39C453,9,1.0,2.1666666666666665
E299C7B39C453,10,0.8333333333333334,2.1666666666666665
E299C7B39C453,11,1.1666666666666667,2.3333333333333335
E299C7B39C453,12,1.5,2.5
E3E99D69D853D,-48,1.0,1.0
E3E99D69D853D,-47,1.096774193548387,1.375
E3E99D69D853D,-46,1.2258064516129032,1.53125
E3E99D69D853D,-45,1.2903225806451613,1.6875
E3E99D69D853D,-44,1.4516129032258065,1.90625
E3E99D69D853D,-43,1.5483870967741935,2.03125
E3E99D69D853D,-42,1.6129032258064515,2.34375
E3E99D69D853D,-41,1.6129032258064515,2.78125
E3E99D69D853D,-40,1.7741935483870968,3.0625
E3E99D69D853D,-39,1.903225806451613,3.5
E3E99D69D853D,-38,1.935483870967742,3.53125
E3E99D69D853D,-37,1.935483870967742,3.8125
E3E99D69D853D,-36,1.7741935483870968,4.15625
E3E99D69D853D,-35,1.7741935483870968,4.3125
E3E99D69D853D,-34,1.7096774193548387,4.4375
E3E99D69D853D,-33,1.6774193548387097,4.625
E3E99D69D853D,-32,1.5806451612903225,4.8125
E3E99D69D853D,-31,1.5483870967741935,4.96875
E3E99D69D853D,-30,1.4838709677419355,4.71875
E3E99D69D853D,-29,1.5161290322580645,4.28125
E3E99D69D853D,-28,1.3870967741935485,4.15625
E3E99D69D853D,-27,1.3870967741935485,3.78125
E3E99D69D853D,-26,1.2580645161290323,3.59375
E3E99D69D853D,-25,1.1935483870967742,3.3125
E3E99D69D853D,-24,1.1290322580645162,2.78125
E3E99D69D853D,-23,1.064516129032258,2.21875
E3E99D69D853D,-22,1.0,1.9375
E3E99D69D853D,-21,0.9354838709677419,1.625
E3E99D69D853D,-20,0.9032258064516129,1.25
E3E99D69D853D,-19,0.8387096774193549,0.8125
E3E99D69D853D,-18,0.9032258064516129,0.71875
E3E99D69D853D,-17,0.7741935483870968,0.71875
E3E99D69D853D,-16,0.7741935483870968,0.53125
E3E99D69D853D,-15,0.6451612903225806,0.4375
E3E99D69D853D,-14,0.6451612903225806,0.40625
E3E99D69D853D,-13,0.5806451612903226,0.25
E3E99D69D853D,-12,0.6129032258064516,0.25
E3E99D69D853D,-11,0.6129032258064516,0.28125
E3E99D69D853D,-10,0.6774193548387096,0.25
E3E99D69D853D,-9,0.7419354838709677,0.21875
E3E99D69D853D,-8,0.8387096774193549,0.21875
E3E99D69D853D,-7,0.8709677419354839,0.25
E3E99D69D853D,-6,0.8064516129032258,0.25
E3E99D69D853D,-5,0.8387096774193549,0.1875
E3E99D69D853D,-4,0.8064516129032258,0.3125
E3E99D69D853D,-3,0.8709677419354839,0.3125
E3E99D69D853D,-2,0.8387096774193549,0.375
E3E99D69D853D,-1,0.8387096774193549,0.4375
E3E99D69D853D,0,0.7419354838709677,0.59375
E3E99D69D853D,1,0.6774193548387096,0.75
E3E99D69D853D,2,0.6774193548387096,0.8125
E3E99D69D853D,3,0.6451612903225806,1.03125
E3E99D69D853D,4,0.6774193548387096,1.0625
E3E99D69D853D,5,0.8387096774193549,1.09375
E3E99D69D853D,6,0.8064516129032258,1.09375
E3E99D69D853D,7,0.9354838709677419,1.09375
E3E99D69D853D,8,0.967741935483871,1.0
E3E99D69D853D,9,0.9032258064516129,1.0625
E3E99D69D853D,10,0.9354838709677419,1.15625
E3E99D69D853D,11,0.9354838709677419,1.125
E3E99D69D853D,12,0.9354838709677419,1.09375
E58809E9BF1B6,-48,1.0,1.0
E58809E9BF1B6,-47,1.036673674375146,1.1581920903954803
E58809E9BF1B6,-46,1.0852604531651484,1.2937853107344632
E58809E9BF1B6,-45,1.106049988320486,1.4039548022598871
E58809E9BF1B6,-44,1.069609904227984,1.5
E58809E9BF1B6,-43,1.0675075916841859,1.6610169491525424
E58809E9BF1B6,-42,1.058864751226349,1.7994350282485876
E58809E9BF1B6,-41,1.0649380985750994,1.9491525423728813
E58809E9BF1B6,-40,1.0649380985750994,2.053672316384181
E58809E9BF1B6,-39,1.0735809390329363,2.1836158192090394
E58809E9BF1B6,-38,1.102312543798178,2.3333333333333335
E58809E9BF1B6,-37,1.074281709880869,2.477401129943503
E58809E9BF1B6,-36,1.1224013081055828,2.646892655367232
E58809E9BF1B6,-35,1.1840691427236627,2.8220338983050848
E58809E9BF1B6,-34,1.2177061434244336,2.977401129943503
E58809E9BF1B6,-33,1.2424667133847231,3.1186440677966103
E58809E9BF1B6,-32,1.2693295958888111,3.251412429378531
E58809E9BF1B6,-31,1.3039009577201588,3.4096045197740112
E58809E9BF1B6,-30,1.329128708245737,3.5084745762711864
E58809E9BF1B6,-29,1.3606633964027097,3.6497175141242937
E58809E9BF1B6,-28,1.3900957720158842,3.7175141242937855
E58809E9BF1B6,-27,1.4066806820836253,3.7711864406779663
E58809E9BF1B6,-26,1.4057463209530483,3.8502824858757063
E58809E9BF1B6,-25,1.3826208829712685,3.810734463276836
E58809E9BF1B6,-24,1.3464143891614109,3.7457627118644066
E58809E9BF1B6,-23,1.2957252978276104,3.7005649717514126
E58809E9BF1B6,-22,1.2674608736276571,3.694915254237288
E58809E9BF1B6,-21,1.2419995328194346,3.6977401129943503
E58809E9BF1B6,-20,1.236393366035973,3.731638418079096
E58809E9BF1B6,-19,1.2139686989021257,3.621468926553672
E58809E9BF1B6,-18,1.1908432609203456,3.6977401129943503
E58809E9BF1B6,-17,1.1723896285914506,3.7033898305084745
E58809E9BF1B6,-16,1.1546367671104882,3.748587570621469
E58809E9BF1B6,-15,1.1326792805419295,3.7598870056497176
E58809E9BF1B6,-14,1.107217939733707,3.7005649717514126
E58809E9BF1B6,-13,1.0805886475122635,3.7457627118644066
E58809E9BF1B6,-12,1.0518570427470217,3.805084745762712
E58809E9BF1B6,-11,1.03083391730904,3.8446327683615817
E58809E9BF1B6,-10,0.9927587012380285,3.847457627118644
E58809E9BF1B6,-9,0.9719691660826909,3.8587570621468927
E58809E9BF1B6,-8,0.9392665265124971,3.8502824858757063
E58809E9BF1B6,-7,0.9063302966596589,3.884180790960452
E58809E9BF1B6,-6,0.877365101611773,3.8813559322033897
E58809E9BF1B6,-5,0.8495678579771081,3.903954802259887
E58809E9BF1B6,-4,0.8149964961457603,3.864406779661017
E58809E9BF1B6,-3,0.7879000233590283,3.903954802259887
E58809E9BF1B6,-2,0.7692128007474889,3.943502824858757
E58809E9BF1B6,-1,0.7474889044615743,3.9237288135593222
E58809E9BF1B6,0,0.7245970567624387,3.9322033898305087
E58809E9BF1B6,1,0.6907264657790236,3.8954802259887007
E58809E9BF1B6,2,0.680448493342677,3.8389830508474576
E58809E9BF1B6,3,0.6654987152534455,3.8446327683615817
E58809E9BF1B6,4,0.6454099509460406,3.7542372881355934
E58809E9BF1B6,5,0.6213501518336837,3.7429378531073447
E58809E9BF1B6,6,0.5979911235692595,3.6271186440677967
E58809E9BF1B6,7,0.5725297827610372,3.5451977401129944
E58809E9BF1B6,8,0.5515066573230554,3.5084745762711864
E58809E9BF1B6,9,0.5477692128007475,3.446327683615819
E58809E9BF1B6,10,0.5258117262321887,3.401129943502825
E58809E9BF1B6,11,0.5061901424900724,3.3389830508474576
E58809E9BF1B6,12,0.4854006073347349,3.2288135593220337
E6BA7BF6F6970,-48,1.0,1.0
E6BA7BF6F6970,-47,1.0,1.0
E6BA7BF6F6970,-46,1.2222222222222223,0.8
E6BA7BF6F6970,-45,1.5555555555555556,1.1
E6BA7BF6F6970,-44,1.7777777777777777,1.2
E6BA7BF6F6970,-43,2.0,1.0
E6BA7BF6F6970,-42,2.3333333333333335,1.0
E6BA7BF6F6970,-41,2.7777777777777777,1.1
E6BA7BF6F6970,-40,3.4444444444444446,1.3
E6BA7BF6F6970,-39,4.0,1.2
E6BA7BF6F6970,-38,4.777777777777778,1.3
E6BA7BF6F6970,-37,5.666666666666667,1.2
E6BA7BF6F6970,-36,5.888888888888889,1.2
E6BA7BF6F6970,-35,6.777777777777778,1.3
E6BA7BF6F6970,-34,7.0,1.3
E6BA7BF6F6970,-33,7.888888888888889,1.1
E6BA7BF6F6970,-32,8.555555555555555,1.1
E6BA7BF6F6970,-31,8.555555555555555,1.1
E6BA7BF6F6970,-30,9.88888888888889,1.1
E6BA7BF6F6970,-29,10.333333333333334,1.0
E6BA7BF6F6970,-28,10.333333333333334,0.8
E6BA7BF6F6970,-27,10.333333333333334,1.2
E6BA7BF6F6970,-26,9.666666666666666,1.4
E6BA7BF6F6970,-25,9.88888888888889,1.3
E6BA7BF6F6970,-24,11.11111111111111,1.4
E6BA7BF6F6970,-23,11.333333333333334,1.4
E6BA7BF6F6970,-22,12.222222222222221,1.5
E6BA7BF6F6970,-21,12.555555555555555,1.6
E6BA7BF6F6970,-20,13.222222222222221,1.9
E6BA7BF6F6970,-19,14.777777777777779,2.4
E6BA7BF6F6970,-18,15.555555555555555,2.4
E6BA7BF6F6970,-17,17.333333333333332,2.5
E6BA7BF6F6970,-16,17.77777777777778,2.7
E6BA7BF6F6970,-15,18.444444444444443,2.4
E6BA7BF6F6970,-14,20.333333333333332,2.1
E6BA7BF6F6970,-13,21.11111111111111,2.5
E6BA7BF6F6970,-12,21.666666666666668,2.5
E6BA7BF6F6970,-11,23.0,2.5
E6BA7BF6F6970,-10,23.444444444444443,2.6
E6BA7BF6F6970,-9,23.77777777777778,2.5
E6BA7BF6F6970,-8,25.0,2.1
E6BA7BF6F6970,-7,24.666666666666668,1.7
E6BA7BF6F6970,-6,23.22222222222222,2.0
E6BA7BF6F6970,-5,22.11111111111111,2.3
E6BA7BF6F6970,-4,22.555555555555557,2.3
E6BA7BF6F6970,-3,23.444444444444443,2.4
E6BA7BF6F6970,-2,22.77777777777778,2.7
E6BA7BF6F6970,-1,23.0,2.8
E6BA7BF6F6970,0,23.11111111111111,2.8
E6BA7BF6F6970,1,22.88888888888889,2.9
E6BA7BF6F6970,2,23.22222222222222,3.0
E6BA7BF6F6970,3,24.333333333333332,3.0
E6BA7BF6F6970,4,25.555555555555557,3.0
E6BA7BF6F6970,5,27.22222222222222,3.1
E6BA7BF6F6970,6,29.666666666666668,3.2
E6BA7BF6F6970,7,30.555555555555557,3.1
E6BA7BF6F6970,8,32.55555555555556,3.2
E6BA7BF6F6970,9,33.333333333333336,3.3
E6BA7BF6F6970,10,34.111111111111114,3.3
E6BA7BF6F6970,11,34.333333333333336,3.2
E6BA7BF6F6970,12,35.333333333333336,3.6
EC2C27F26E8F0,-48,1.0,1.0
EC2C27F26E8F0,-47,0.9614961496149615,0.9699570815450643
EC2C27F26E8F0,-46,0.9548954895489549,0.9892703862660944
EC2C27F26E8F0,-45,0.9801980198019802,1.002145922746781
EC2C27F26E8F0,-44,1.0022002200220022,1.0128755364806867
EC2C27F26E8F0,-43,1.033003300330033,1.036480686695279
EC2C27F26E8F0,-42,1.0528052805280528,1.0042918454935623
EC2C27F26E8F0,-41,1.055005500550055,1.0064377682403434
EC2C27F26E8F0,-40,1.0286028602860287,1.0171673819742488
EC2C27F26E8F0,-39,1.0242024202420241,1.03862660944206
EC2C27F26E8F0,-38,0.988998899889989,1.05793991416309
EC2C27F26E8F0,-37,1.0319031903190319,1.036480686695279
EC2C27F26E8F0,-36,1.1595159515951594,1.0493562231759657
EC2C27F26E8F0,-35,1.2585258525852585,1.05793991416309
EC2C27F26E8F0,-34,1.275027502750275,1.055793991416309
EC2C27F26E8F0,-33,1.3003300330033003,1.0429184549356223
EC2C27F26E8F0,-32,1.3278327832783279,1.05793991416309
EC2C27F26E8F0,-31,1.3476347634763477,1.0793991416309012
EC2C27F26E8F0,-30,1.3894389438943895,1.111587982832618
EC2C27F26E8F0,-29,1.385038503850385,1.1051502145922747
EC2C27F26E8F0,-28,1.4367436743674367,1.1051502145922747
EC2C27F26E8F0,-27,1.4301430143014302,1.1072961373390557
EC2C27F26E8F0,-26,1.4477447744774476,1.0815450643776825
EC2C27F26E8F0,-25,1.3883388338833884,1.1030042918454936
EC2C27F26E8F0,-24,1.231023102310231,1.0815450643776825
EC2C27F26E8F0,-23,1.1276127612761275,1.090128755364807
EC2C27F26E8F0,-22,1.1133113311331133,1.0836909871244635
EC2C27F26E8F0,-21,1.0693069306930694,1.0708154506437768
EC2C27F26E8F0,-20,1.0528052805280528,1.113733905579399
EC2C27F26E8F0,-19,1.0176017601760177,1.1309012875536482
EC2C27F26E8F0,-18,0.988998899889989,1.1309012875536482
EC2C27F26E8F0,-17,0.9900990099009901,1.2103004291845494
EC2C27F26E8F0,-16,0.9592959295929593,1.2339055793991416
EC2C27F26E8F0,-15,0.9394939493949395,1.242489270386266
EC2C27F26E8F0,-14,0.9328932893289329,1.2124463519313304
EC2C27F26E8F0,-13,0.9328932893289329,1.2296137339055795
EC2C27F26E8F0,-12,0.9405940594059405,1.2210300429184548
EC2C27F26E8F0,-11,0.9020902090209021,1.1888412017167382
EC2C27F26E8F0,-10,0.8734873487348734,1.1866952789699572
EC2C27F26E8F0,-9,0.8558855885588559,1.201716738197425
EC2C27F26E8F0,-8,0.8250825082508251,1.1309012875536482
EC2C27F26E8F0,-7,0.7942794279427943,1.0858369098712446
EC2C27F26E8F0,-6,0.7403740374037404,1.055793991416309
EC2C27F26E8F0,-5,0.6908690869086909,0.9656652360515021
EC2C27F26E8F0,-4,0.6908690869086909,0.9334763948497854
EC2C27F26E8F0,-3,0.6688668866886689,0.9012875536480687
EC2C27F26E8F0,-2,0.6600660066006601,0.907725321888412
EC2C27F26E8F0,-1,0.6457645764576457,0.871244635193133
EC2C27F26E8F0,0,0.6061606160616062,0.8454935622317596
EC2C27F26E8F0,1,0.6006600660066007,0.8540772532188842
EC2C27F26E8F0,2,0.5907590759075908,0.8412017167381974
EC2C27F26E8F0,3,0.5808580858085809,0.8133047210300429
EC2C27F26E8F0,4,0.570957095709571,0.8390557939914163
EC2C27F26E8F0,5,0.583058305830583,0.8476394849785408
EC2C27F26E8F0,6,0.5885588558855885,0.8326180257510729
EC2C27F26E8F0,7,0.6204620462046204,0.8326180257510729
EC2C27F26E8F0,8,0.5918591859185919,0.8090128755364807
EC2C27F26E8F0,9,0.5962596259625963,0.7832618025751072
EC2C27F26E8F0,10,0.5665566556655666,0.7682403433476395
EC2C27F26E8F0,11,0.5500550055005501,0.7725321888412017
EC2C27F26E8F0,12,0.5522552255225522,0.8068669527896996
ED481C2307342,-48,1.0,1.0
ED481C2307342,-47,1.064,1.0405405405405406
ED481C2307342,-46,1.136,1.0
ED481C2307342,-45,1.144,1.0405405405405406
ED481C2307342,-44,1.136,1.0810810810810811
ED481C2307342,-43,1.24,1.0675675675675675
ED481C2307342,-42,1.232,1.135135135135135
ED481C2307342,-41,1.328,1.1081081081081081
ED481C2307342,-40,1.48,1.0810810810810811
ED481C2307342,-39,1.712,1.0810810810810811
ED481C2307342,-38,1.896,1.0810810810810811
ED481C2307342,-37,2.112,1.0675675675675675
ED481C2307342,-36,2.368,1.054054054054054
ED481C2307342,-35,2.56,1.0675675675675675
ED481C2307342,-34,2.736,1.1081081081081081
ED481C2307342,-33,2.976,1.027027027027027
ED481C2307342,-32,3.256,1.0
ED481C2307342,-31,3.464,1.0135135135135136
ED481C2307342,-30,3.704,0.9054054054054054
ED481C2307342,-29,4.016,0.9459459459459459
ED481C2307342,-28,4.224,0.972972972972973
ED481C2307342,-27,4.24,1.0405405405405406
ED481C2307342,-26,4.264,1.027027027027027
ED481C2307342,-25,4.296,1.027027027027027
ED481C2307342,-24,4.256,0.9864864864864865
ED481C2307342,-23,4.08,0.918918918918919
ED481C2307342,-22,3.944,0.918918918918919
ED481C2307342,-21,3.84,0.8918918918918919
ED481C2307342,-20,3.76,0.8918918918918919
ED481C2307342,-19,3.656,0.8918918918918919
ED481C2307342,-18,3.64,0.9324324324324325
ED481C2307342,-17,3.472,0.9054054054054054
ED481C2307342,-16,3.36,0.8648648648648649
ED481C2307342,-15,3.304,0.8513513513513513
ED481C2307342,-14,3.408,0.8513513513513513
ED481C2307342,-13,3.472,0.8378378378378378
ED481C2307342,-12,3.704,0.8783783783783784
ED481C2307342,-11,4.056,0.9054054054054054
ED481C2307342,-10,4.24,0.8243243243243243
ED481C2307342,-9,4.368,0.8243243243243243
ED481C2307342,-8,4.488,0.7702702702702703
ED481C2307342,-7,4.528,0.7432432432432432
ED481C2307342,-6,4.592,0.7162162162162162
ED481C2307342,-5,4.648,0.7027027027027027
ED481C2307342,-4,4.584,0.6756756756756757
ED481C2307342,-3,4.712,0.5945945945945946
ED481C2307342,-2,4.608,0.5540540540540541
ED481C2307342,-1,4.584,0.5
ED481C2307342,0,4.36,0.4594594594594595
ED481C2307342,1,4.088,0.44594594594594594
ED481C2307342,2,3.912,0.43243243243243246
ED481C2307342,3,3.936,0.43243243243243246
ED481C2307342,4,3.792,0.3918918918918919
ED481C2307342,5,3.912,0.3783783783783784
ED481C2307342,6,4.016,0.3783783783783784
ED481C2307342,7,4.288,0.3918918918918919
ED481C2307342,8,4.344,0.3918918918918919
ED481C2307342,9,4.368,0.43243243243243246
ED481C2307342,10,4.568,0.4189189189189189
ED481C2307342,11,4.72,0.4594594594594595
ED481C2307342,12,5.168,0.47297297297297297
ED9E334BCFE15,-48,1.0,1.0
ED9E334BCFE15,-47,1.0240384615384615,1.0495495495495495
ED9E334BCFE15,-46,1.0288461538461537,1.072072072072072
ED9E334BCFE15,-45,1.0576923076923077,1.0990990990990992
ED9E334BCFE15,-44,1.0721153846153846,1.1396396396396395
ED9E334BCFE15,-43,1.1153846153846154,1.1441441441441442
ED9E334BCFE15,-42,1.1971153846153846,1.0855855855855856
ED9E334BCFE15,-41,1.2644230769230769,1.0675675675675675
ED9E334BCFE15,-40,1.3028846153846154,1.1036036036036037
ED9E334BCFE15,-39,1.3173076923076923,1.0810810810810811
ED9E334BCFE15,-38,1.3605769230769231,1.1081081081081081
ED9E334BCFE15,-37,1.4182692307692308,1.1666666666666667
ED9E334BCFE15,-36,1.4278846153846154,1.2072072072072073
ED9E334BCFE15,-35,1.4375,1.2072072072072073
ED9E334BCFE15,-34,1.4519230769230769,1.2477477477477477
ED9E334BCFE15,-33,1.4230769230769231,1.3468468468468469
ED9E334BCFE15,-32,1.3990384615384615,1.382882882882883
ED9E334BCFE15,-31,1.4038461538461537,1.5045045045045045
ED9E334BCFE15,-30,1.3605769230769231,1.554054054054054
ED9E334BCFE15,-29,1.3173076923076923,1.5810810810810811
ED9E334BCFE15,-28,1.3173076923076923,1.5315315315315314
ED9E334BCFE15,-27,1.2596153846153846,1.5675675675675675
ED9E334BCFE15,-26,1.2211538461538463,1.5810810810810811
ED9E334BCFE15,-25,1.1105769230769231,1.5360360360360361
ED9E334BCFE15,-24,1.0625,1.490990990990991
ED9E334BCFE15,-23,1.0144230769230769,1.481981981981982
ED9E334BCFE15,-22,0.9663461538461539,1.4414414414414414
ED9E334BCFE15,-21,0.9519230769230769,1.3108108108108107
ED9E334BCFE15,-20,0.9567307692307693,1.2927927927927927
ED9E334BCFE15,-19,0.8942307692307693,1.1936936936936937
ED9E334BCFE15,-18,0.8413461538461539,1.1531531531531531
ED9E334BCFE15,-17,0.7596153846153846,1.1261261261261262
ED9E334BCFE15,-16,0.7067307692307693,1.1261261261261262
ED9E334BCFE15,-15,0.7115384615384616,1.1036036036036037
ED9E334BCFE15,-14,0.6971153846153846,1.0405405405405406
ED9E334BCFE15,-13,0.6923076923076923,1.0810810810810811
ED9E334BCFE15,-12,0.6682692307692307,1.072072072072072
ED9E334BCFE15,-11,0.6538461538461539,1.072072072072072
ED9E334BCFE15,-10,0.6875,1.063063063063063
ED9E334BCFE15,-9,0.7067307692307693,1.0855855855855856
ED9E334BCFE15,-8,0.6730769230769231,1.0810810810810811
ED9E334BCFE15,-7,0.6442307692307693,1.09009009009009
ED9E334BCFE15,-6,0.6538461538461539,1.117117117117117
ED9E334BCFE15,-5,0.6826923076923077,1.1036036036036037
ED9E334BCFE15,-4,0.625,1.1531531531531531
ED9E334BCFE15,-3,0.625,1.1261261261261262
ED9E334BCFE15,-2,0.6057692307692307,1.1306306306306306
ED9E334BCFE15,-1,0.5913461538461539,1.1081081081081081
ED9E334BCFE15,0,0.5721153846153846,1.1486486486486487
ED9E334BCFE15,1,0.5480769230769231,1.1396396396396395
ED9E334BCFE15,2,0.5096153846153846,1.1441441441441442
ED9E334BCFE15,3,0.47115384615384615,1.1261261261261262
ED9E334BCFE15,4,0.47115384615384615,1.1081081081081081
ED9E334BCFE15,5,0.5048076923076923,1.0855855855855856
ED9E334BCFE15,6,0.49038461538461536,1.0405405405405406
ED9E334BCFE15,7,0.4519230769230769,1.0675675675675675
ED9E334BCFE15,8,0.4807692307692308,1.0045045045045045
ED9E334BCFE15,9,0.4519230769230769,0.9819819819819819
ED9E334BCFE15,10,0.4567307692307692,0.9864864864864865
ED9E334BCFE15,11,0.47115384615384615,0.9369369369369369
ED9E334BCFE15,12,0.47596153846153844,0.8828828828828829
EFB32B9881EC7,-48,1.0,1.0
EFB32B9881EC7,-47,1.0277777777777777,1.0007347538574578
EFB32B9881EC7,-46,1.0656565656565657,1.0036737692872888
EFB32B9881EC7,-45,1.0669191919191918,1.0014695077149156
EFB32B9881EC7,-44,1.1111111111111112,1.0102865540044086
EFB32B9881EC7,-43,1.1313131313131313,1.0095518001469508
EFB32B9881EC7,-42,1.1603535353535352,1.0154298310066128
EFB32B9881EC7,-41,1.1477272727272727,1.0051432770022042
EFB32B9881EC7,-40,1.1818181818181819,1.0154298310066128
EFB32B9881EC7,-39,1.1691919191919191,1.0257163850110214
EFB32B9881EC7,-38,1.1464646464646464,1.020573108008817
EFB32B9881EC7,-37,1.14520202020202,1.0227773695811904
EFB32B9881EC7,-36,1.121212121212121,1.0132255694342396
EFB32B9881EC7,-35,1.0984848484848484,0.9985304922850845
EFB32B9881EC7,-34,1.0542929292929293,1.0
EFB32B9881EC7,-33,1.0265151515151516,0.9764878765613519
EFB32B9881EC7,-32,0.9861111111111112,0.973548861131521
EFB32B9881EC7,-31,0.9482323232323232,0.9434239529757531
EFB32B9881EC7,-30,0.8964646464646465,0.9221160911094783
EFB32B9881EC7,-29,0.8737373737373737,0.9125642909625276
EFB32B9881EC7,-28,0.8358585858585859,0.896399706098457
EFB32B9881EC7,-27,0.8257575757575758,0.884643644379133
EFB32B9881EC7,-26,0.8131313131313131,0.8684790595150624
EFB32B9881EC7,-25,0.8017676767676768,0.8398236590742102
EFB32B9881EC7,-24,0.7815656565656566,0.8251285819250551
EFB32B9881EC7,-23,0.7702020202020202,0.8434974283614989
EFB32B9881EC7,-22,0.7664141414141414,0.8310066127847171
EFB32B9881EC7,-21,0.76010101010101,0.8214548126377663
EFB32B9881EC7,-20,0.7828282828282829,0.8082292432035268
EFB32B9881EC7,-19,0.76010101010101,0.813372520205731
EFB32B9881EC7,-18,0.7588383838383839,0.8096987509184423
EFB32B9881EC7,-17,0.7727272727272727,0.8199853049228508
EFB32B9881EC7,-16,0.7563131313131313,0.8148420279206466
EFB32B9881EC7,-15,0.7563131313131313,0.8185157972079353
EFB32B9881EC7,-14,0.7487373737373737,0.8119030124908155
EFB32B9881EC7,-13,0.7335858585858586,0.8243938280675973
EFB32B9881EC7,-12,0.7234848484848485,0.8310066127847171
EFB32B9881EC7,-11,0.7411616161616161,0.8030859662013226
EFB32B9881EC7,-10,0.7613636363636364,0.8141072740631888
EFB32B9881EC7,-9,0.7777777777777778,0.8243938280675973
EFB32B9881EC7,-8,0.8005050505050505,0.8185157972079353
EFB32B9881EC7,-7,0.8560606060606061,0.8324761204996326
EFB32B9881EC7,-6,0.9090909090909091,0.8111682586333578
EFB32B9881EC7,-5,0.9608585858585859,0.8067597354886114
EFB32B9881EC7,-4,0.9987373737373737,0.7957384276267451
EFB32B9881EC7,-3,1.0101010101010102,0.7994121969140338
EFB32B9881EC7,-2,1.0340909090909092,0.8221895664952241
EFB32B9881EC7,-1,1.0669191919191918,0.8104335047759
EFB32B9881EC7,0,1.0972222222222223,0.807494489346069
EFB32B9881EC7,1,1.1035353535353536,0.8155767817781043
EFB32B9881EC7,2,1.125,0.7964731814842028
EFB32B9881EC7,3,1.1565656565656566,0.7817781043350478
EFB32B9881EC7,4,1.1388888888888888,0.7876561351947098
EFB32B9881EC7,5,1.1426767676767677,0.7421013960323292
EFB32B9881EC7,6,1.1123737373737375,0.7347538574577517
EFB32B9881EC7,7,1.0795454545454546,0.7083027185892726
EFB32B9881EC7,8,1.0694444444444444,0.7038941954445261
EFB32B9881EC7,9,1.0808080808080809,0.6891991182953711
EFB32B9881EC7,10,1.0871212121212122,0.6759735488611315
EFB32B9881EC7,11,1.1136363636363635,0.6818515797207936
EFB32B9881EC7,12,1.1325757575757576,0.6847905951506246
