entity_id,display_name,peer_entity_id,peer_name,event_date,baseline_month,matching_distance,size_available
E073BF657F5B1,"Seterus, Inc.",EB163C5D356CB,"SELECT PORTFOLIO SERVICING, INC.",2020-12-18T00:00:00,2016-12-01T00:00:00,0.33457345565198526,False
E1FC3BC613A71,NATIONSTAR MORTGAGE LLC,EB163C5D356CB,"SELECT PORTFOLIO SERVICING, INC.",2017-03-15T00:00:00,2013-03-01T00:00:00,1.315913564358091,False
E204727426645,"CARRINGTON MORTGAGE SERVICES, LLC",E7BC26E9E7EDD,"Community Loan Servicing, LLC (formerly known as Bayview Loan Servicing, LLC)",2022-11-17T00:00:00,2018-11-01T00:00:00,0.07410797215372167,False
E299C7B39C453,Village Capital & Investment LLC,EC2ADB5FF5E55,Supreme Lending,2018-12-04T00:00:00,2014-12-01T00:00:00,0.0,False
E3E99D69D853D,Fairway Independent Mortgage Corporation,EC5C21EED4E5A,"Better Mortgage, Inc.",2024-10-15T00:00:00,2020-10-01T00:00:00,0.03174869831458027,False
E58809E9BF1B6,Ocwen Financial Corporation,EB163C5D356CB,"SELECT PORTFOLIO SERVICING, INC.",2017-04-20T00:00:00,2013-04-01T00:00:00,2.4926449930111714,False
E6BA7BF6F6970,"Fay Servicing, LLC",EABB6242BEA4E,SN SERVICING CORPORATION,2017-06-07T00:00:00,2013-06-01T00:00:00,0.10536051565782634,False
EC2C27F26E8F0,BANK OF AMERICA CORP,E9924BD19EECC,U S BCORP,2023-11-28T00:00:00,2019-11-01T00:00:00,0.6681594600518332,False
ED481C2307342,Freedom Mortgage Company,E9A0A8C3892C7,21ST MORTGAGE CORP.,2019-06-05T00:00:00,2015-06-01T00:00:00,0.5242486440981313,False
ED9E334BCFE15,"BSI Financial Holdings, Inc.",EE2ED85757AB4,Selene Finance LP,2019-05-29T00:00:00,2015-05-01T00:00:00,0.06513930217096142,False
EFB32B9881EC7,Specialized Loan Servicing Holdings LLC,EB163C5D356CB,"SELECT PORTFOLIO SERVICING, INC.",2020-05-11T00:00:00,2016-05-01T00:00:00,0.54141361083704,False
