entity_id,display_name,month,type,peer_group,rank,anomaly_score,drivers,accuracy_claim
E806DAD516CDE,Arbor Residential Mortgage LLC,2026-09-01,nonbank_servicer,nonbank_servicer,1,1.8136536422086658,"[{""component"": ""untimely"", ""label"": ""Untimely company responses"", ""peer_z"": 5.0, ""contribution"": 1.0}, {""component"": ""issue_mix"", ""label"": ""Change in complaint issue mix"", ""peer_z"": 4.967077069927496, ""contribution"": 0.9934154139854993}, {""component"": ""severity"", ""label"": ""Share of high-severity complaints"", ""peer_z"": -1.9361670988375415, ""contribution"": -0.3872334197675083}]",none: descriptive live anomaly ranking
EDCBA28169857,Southwest Business Corporation,2026-09-01,nonbank_originator,nonbank_originator,2,1.7168258563665653,"[{""component"": ""acceleration"", ""label"": ""Acceleration in complaint growth"", ""peer_z"": 2.8485056122032217, ""contribution"": 0.5697011224406443}, {""component"": ""untimely"", ""label"": ""Untimely company responses"", ""peer_z"": 1.6082162961383395, ""contribution"": 0.3216432592276679}, {""component"": ""issue_mix"", ""label"": ""Change in complaint issue mix"", ""peer_z"": 1.5401196416139107, ""contribution"": 0.30802392832278214}]",none: descriptive live anomaly ranking
EDE60FD674DA6,"PLAZA HOME MORTGAGE, INC.",2026-09-01,nonbank_originator,nonbank_originator,3,1.3333867970833193,"[{""component"": ""acceleration"", ""label"": ""Acceleration in complaint growth"", ""peer_z"": 3.08313941949332, ""contribution"": 0.5138565699155534}, {""component"": ""self_history"", ""label"": ""Complaint count versus own history"", ""peer_z"": 1.6974638302542606, ""contribution"": 0.2829106383757101}, {""component"": ""untimely"", ""label"": ""Untimely company responses"", ""peer_z"": 1.5361706222481244, ""contribution"": 0.2560284370413541}]",none: descriptive live anomaly ranking
EDC335F416F27,MidFirst Bank / Records family,2026-09-01,bank,bank,4,1.2587692393062544,"[{""component"": ""normalized_rate"", ""label"": ""Complaints per available exposure"", ""peer_z"": 3.5841345295485043, ""contribution"": 0.5120192185069292}, {""component"": ""severity"", ""label"": ""Share of high-severity complaints"", ""peer_z"": 2.18608998716995, ""contribution"": 0.3122985695957072}, {""component"": ""self_history"", ""label"": ""Complaint count versus own history"", ""peer_z"": 1.9485957149943085, ""contribution"": 0.27837081642775835}]",none: descriptive live anomaly ranking
E9C6D3A158F9C,MORGAN STANLEY,2026-09-01,bank,bank,5,1.012256430944381,"[{""component"": ""untimely"", ""label"": ""Untimely company responses"", ""peer_z"": 4.82056050092525, ""contribution"": 0.6886515001321786}, {""component"": ""issue_mix"", ""label"": ""Change in complaint issue mix"", ""peer_z"": 1.6881923894846542, ""contribution"": 0.2411703413549506}, {""component"": ""acceleration"", ""label"": ""Acceleration in complaint growth"", ""peer_z"": 0.5584454591879826, ""contribution"": 0.07977792274114037}]",none: descriptive live anomaly ranking
ECF2F96AAE504,ALLY FINANCIAL INC,2026-09-01,bank,bank,6,0.8053050407103991,"[{""component"": ""issue_mix"", ""label"": ""Change in complaint issue mix"", ""peer_z"": 3.018558282126773, ""contribution"": 0.4312226117323962}, {""component"": ""acceleration"", ""label"": ""Acceleration in complaint growth"", ""peer_z"": 2.5085981172281966, ""contribution"": 0.3583711596040281}, {""component"": ""severity"", ""label"": ""Share of high-severity complaints"", ""peer_z"": 1.8486536171965127, ""contribution"": 0.2640933738852161}]",none: descriptive live anomaly ranking
EC2ADB5FF5E55,Supreme Lending,2026-09-01,nonbank_originator,nonbank_originator,7,0.7726647638586152,"[{""component"": ""issue_mix"", ""label"": ""Change in complaint issue mix"", ""peer_z"": 2.7811459064575725, ""contribution"": 0.46352431774292874}, {""component"": ""severity"", ""label"": ""Share of high-severity complaints"", ""peer_z"": 2.2632038546767856, ""contribution"": 0.37720064244613094}, {""component"": ""acceleration"", ""label"": ""Acceleration in complaint growth"", ""peer_z"": 0.3785848319864933, ""contribution"": 0.06309747199774889}]",none: descriptive live anomaly ranking
E3083051A1527,Data Mortgage Inc.,2026-09-01,nonbank_originator,nonbank_originator,8,0.7118718793266785,"[{""component"": ""normalized_rate"", ""label"": ""Complaints per available exposure"", ""peer_z"": 5.0, ""contribution"": 0.8333333333333334}, {""component"": ""self_history"", ""label"": ""Complaint count versus own history"", ""peer_z"": -2.085687058883666, ""contribution"": -0.3476145098139443}, {""component"": ""severity"", ""label"": ""Share of high-severity complaints"", ""peer_z"": 1.7783732418097966, ""contribution"": 0.2963955403016328}]",none: descriptive live anomaly ranking
E4C525C3C7714,POPULAR INC,2026-09-01,bank,bank,9,0.5618214299219613,"[{""component"": ""issue_mix"", ""label"": ""Change in complaint issue mix"", ""peer_z"": 3.1983946993349273, ""contribution"": 0.4569135284764182}, {""component"": ""acceleration"", ""label"": ""Acceleration in complaint growth"", ""peer_z"": 1.0732589730357123, ""contribution"": 0.15332271043367318}, {""component"": ""financial_stress"", ""label"": ""Bank financial stress"", ""peer_z"": 0.5080299266670915, ""contribution"": 0.07257570380958449}]",none: descriptive live anomaly ranking
EC36798CEE27E,GATEWAY FIRST BCORP INC,2026-09-01,bank,bank,10,0.5372946033075788,"[{""component"": ""normalized_rate"", ""label"": ""Complaints per available exposure"", ""peer_z"": 4.811522792088931, ""contribution"": 0.6873603988698473}, {""component"": ""issue_mix"", ""label"": ""Change in complaint issue mix"", ""peer_z"": 0.47013860366912813, ""contribution"": 0.0671626576670183}, {""component"": ""acceleration"", ""label"": ""Acceleration in complaint growth"", ""peer_z"": -0.38562306616488334, ""contribution"": -0.05508900945212619}]",none: descriptive live anomaly ranking
EB7E5DA6DF3D9,"NOVAD Management Consulting, LLC",2026-09-01,nonbank_servicer,nonbank_servicer,11,0.48794311439540117,"[{""component"": ""severity"", ""label"": ""Share of high-severity complaints"", ""peer_z"": 3.611232492186367, ""contribution"": 0.7222464984372734}, {""component"": ""self_history"", ""label"": ""Complaint count versus own history"", ""peer_z"": -0.6375793699697222, ""contribution"": -0.12751587399394443}, {""component"": ""issue_mix"", ""label"": ""Change in complaint issue mix"", ""peer_z"": -0.4109416440519855, ""contribution"": -0.0821883288103971}]",none: descriptive live anomaly ranking
E712507A45CC4,"SERVICEMAC, LLC",2026-09-01,nonbank_servicer,nonbank_servicer,12,0.48230937500971044,"[{""component"": ""self_history"", ""label"": ""Complaint count versus own history"", ""peer_z"": 2.30084884632013, ""contribution"": 0.46016976926402603}, {""component"": ""acceleration"", ""label"": ""Acceleration in complaint growth"", ""peer_z"": 0.9349651287848032, ""contribution"": 0.18699302575696064}, {""component"": ""severity"", ""label"": ""Share of high-severity complaints"", ""peer_z"": -0.3125379502451782, ""contribution"": -0.06250759004903564}]",none: descriptive live anomaly ranking
EA25032638622,"American Financial Resources, Inc.",2026-09-01,nonbank_originator,nonbank_originator,13,0.4377167790702461,"[{""component"": ""self_history"", ""label"": ""Complaint count versus own history"", ""peer_z"": 1.5536122946537974, ""contribution"": 0.2589353824422996}, {""component"": ""issue_mix"", ""label"": ""Change in complaint issue mix"", ""peer_z"": 1.2628965132979812, ""contribution"": 0.2104827522163302}, {""component"": ""untimely"", ""label"": ""Untimely company responses"", ""peer_z"": 1.0678737419617241, ""contribution"": 0.17797895699362068}]",none: descriptive live anomaly ranking
ED66424082417,"MONEY SOURCE, INC., THE",2026-09-01,nonbank_servicer,nonbank_servicer,14,0.37399271273044865,"[{""component"": ""acceleration"", ""label"": ""Acceleration in complaint growth"", ""peer_z"": 2.0065943915079014, ""contribution"": 0.4013188783015803}, {""component"": ""issue_mix"", ""label"": ""Change in complaint issue mix"", ""peer_z"": 1.717182351567894, ""contribution"": 0.34343647031357877}, {""component"": ""self_history"", ""label"": ""Complaint count versus own history"", ""peer_z"": -1.101374011595443, ""contribution"": -0.22027480231908858}]",none: descriptive live anomaly ranking
EC5C21EED4E5A,"Better Mortgage, Inc.",2026-09-01,nonbank_originator,nonbank_originator,15,0.3599518399840669,"[{""component"": ""untimely"", ""label"": ""Untimely company responses"", ""peer_z"": 5.0, ""contribution"": 0.8333333333333334}, {""component"": ""severity"", ""label"": ""Share of high-severity complaints"", ""peer_z"": -1.625980844191019, ""contribution"": -0.27099680736516985}, {""component"": ""issue_mix"", ""label"": ""Change in complaint issue mix"", ""peer_z"": -0.40070336719933936, ""contribution"": -0.06678389453322323}]",none: descriptive live anomaly ranking
E204727426645,"CARRINGTON MORTGAGE SERVICES, LLC",2026-09-01,nonbank_servicer,nonbank_servicer,16,0.3567070649889833,"[{""component"": ""self_history"", ""label"": ""Complaint count versus own history"", ""peer_z"": 1.9476289288605444, ""contribution"": 0.3895257857721089}, {""component"": ""issue_mix"", ""label"": ""Change in complaint issue mix"", ""peer_z"": -0.3663950732516271, ""contribution"": -0.07327901465032542}, {""component"": ""acceleration"", ""label"": ""Acceleration in complaint growth"", ""peer_z"": 0.25350777739962893, ""contribution"": 0.05070155547992579}]",none: descriptive live anomaly ranking
E36F4BD58BE4A,BANK OF NY MELLON CORP THE,2026-09-01,bank,bank,17,0.3242689646879652,"[{""component"": ""untimely"", ""label"": ""Untimely company responses"", ""peer_z"": 3.496637100543065, ""contribution"": 0.49951958579186645}, {""component"": ""severity"", ""label"": ""Share of high-severity complaints"", ""peer_z"": 3.4269274323103662, ""contribution"": 0.48956106175862374}, {""component"": ""acceleration"", ""label"": ""Acceleration in complaint growth"", ""peer_z"": -2.858817305222736, ""contribution"": -0.40840247217467657}]",none: descriptive live anomaly ranking
E9924BD19EECC,U S BCORP,2026-09-01,bank,bank,18,0.31194676410339284,"[{""component"": ""self_history"", ""label"": ""Complaint count versus own history"", ""peer_z"": 2.190543179924963, ""contribution"": 0.3129347399892804}, {""component"": ""severity"", ""label"": ""Share of high-severity complaints"", ""peer_z"": 0.941001642936897, ""contribution"": 0.13442880613384242}, {""component"": ""issue_mix"", ""label"": ""Change in complaint issue mix"", ""peer_z"": -0.7678161586125904, ""contribution"": -0.1096880226589415}]",none: descriptive live anomaly ranking
EABB6242BEA4E,SN SERVICING CORPORATION,2026-09-01,nonbank_servicer,nonbank_servicer,19,0.30062241167583265,"[{""component"": ""severity"", ""label"": ""Share of high-severity complaints"", ""peer_z"": 1.5085890988144015, ""contribution"": 0.3017178197628803}, {""component"": ""acceleration"", ""label"": ""Acceleration in complaint growth"", ""peer_z"": 0.32007249954773603, ""contribution"": 0.0640144999095472}, {""component"": ""untimely"", ""label"": ""Untimely company responses"", ""peer_z"": -0.20312196674654467, ""contribution"": -0.04062439334930894}]",none: descriptive live anomaly ranking
E299C7B39C453,Village Capital & Investment LLC,2026-09-01,nonbank_originator,nonbank_originator,20,0.2980152199436433,"[{""component"": ""severity"", ""label"": ""Share of high-severity complaints"", ""peer_z"": 0.9191723970628023, ""contribution"": 0.15319539951046704}, {""component"": ""self_history"", ""label"": ""Complaint count versus own history"", ""peer_z"": 0.9099514184893631, ""contribution"": 0.1516585697482272}, {""component"": ""issue_mix"", ""label"": ""Change in complaint issue mix"", ""peer_z"": -0.6808352383362506, ""contribution"": -0.11347253972270843}]",none: descriptive live anomaly ranking
E6E7EB400BFED,NVR INC.,2026-09-01,nonbank_originator,nonbank_originator,21,0.296993411811496,"[{""component"": ""issue_mix"", ""label"": ""Change in complaint issue mix"", ""peer_z"": 3.3888457012597626, ""contribution"": 0.6777691402519526}, {""component"": ""severity"", ""label"": ""Share of high-severity complaints"", ""peer_z"": -1.625980844191019, ""contribution"": -0.3251961688382038}, {""component"": ""acceleration"", ""label"": ""Acceleration in complaint growth"", ""peer_z"": 1.236043352666688, ""contribution"": 0.24720867053333762}]",none: descriptive live anomaly ranking
E1E10FA19D799,EVERBANK FINANCIAL CORP,2026-09-01,bank,bank,22,0.28988369374386075,"[{""component"": ""acceleration"", ""label"": ""Acceleration in complaint growth"", ""peer_z"": 1.2578955947585138, ""contribution"": 0.17969937067978767}, {""component"": ""issue_mix"", ""label"": ""Change in complaint issue mix"", ""peer_z"": 1.190451323884489, ""contribution"": 0.17006447484064127}, {""component"": ""severity"", ""label"": ""Share of high-severity complaints"", ""peer_z"": 0.9120955291069731, ""contribution"": 0.13029936130099615}]",none: descriptive live anomaly ranking
E6E4400138C69,BOK FINANCIAL CORP,2026-09-01,bank,bank,23,0.28072512554714196,"[{""component"": ""issue_mix"", ""label"": ""Change in complaint issue mix"", ""peer_z"": 1.907428580894166, ""contribution"": 0.27248979727059514}, {""component"": ""severity"", ""label"": ""Share of high-severity complaints"", ""peer_z"": 0.6409866088705273, ""contribution"": 0.09156951555293247}, {""component"": ""self_history"", ""label"": ""Complaint count versus own history"", ""peer_z"": 0.6315479210202637, ""contribution"": 0.09022113157432339}]",none: descriptive live anomaly ranking
E0D610F1C9955,"AMA Advisors, LLC.",2026-09-01,nonbank_servicer,nonbank_servicer,24,0.2651944472520731,"[{""component"": ""severity"", ""label"": ""Share of high-severity complaints"", ""peer_z"": -1.9361670988375415, ""contribution"": -0.3872334197675083}, {""component"": ""acceleration"", ""label"": ""Acceleration in complaint growth"", ""peer_z"": 1.7670402674664416, ""contribution"": 0.3534080534932883}, {""component"": ""issue_mix"", ""label"": ""Change in complaint issue mix"", ""peer_z"": 1.2384114638265107, ""contribution"": 0.24768229276530213}]",none: descriptive live anomaly ranking
E9A9FF2B46D0A,"SUN WEST MORTGAGE COMPANY, INC.",2026-09-01,nonbank_originator,nonbank_originator,25,0.25599598077529456,"[{""component"": ""severity"", ""label"": ""Share of high-severity complaints"", ""peer_z"": 2.366539680009022, ""contribution"": 0.3944232800015037}, {""component"": ""acceleration"", ""label"": ""Acceleration in complaint growth"", ""peer_z"": -0.7784661902285198, ""contribution"": -0.12974436503808665}, {""component"": ""issue_mix"", ""label"": ""Change in complaint issue mix"", ""peer_z"": 0.6670151151812501, ""contribution"": 0.11116918586354169}]",none: descriptive live anomaly ranking
EF9F58BDA4819,"Real Time Group, Inc.",2026-09-01,nonbank_servicer,nonbank_servicer,26,0.23802745422145274,"[{""component"": ""severity"", ""label"": ""Share of high-severity complaints"", ""peer_z"": 1.2577902414489512, ""contribution"": 0.2515580482897902}, {""component"": ""self_history"", ""label"": ""Complaint count versus own history"", ""peer_z"": -0.6017107639087658, ""contribution"": -0.12034215278175316}, {""component"": ""acceleration"", ""label"": ""Acceleration in complaint growth"", ""peer_z"": 0.45442068029835386, ""contribution"": 0.09088413605967077}]",none: descriptive live anomaly ranking
EE8D973B13F37,"PulteGroup, Inc.",2026-09-01,nonbank_originator,nonbank_originator,27,0.23458994253719084,"[{""component"": ""acceleration"", ""label"": ""Acceleration in complaint growth"", ""peer_z"": 2.4644556518669822, ""contribution"": 0.49289113037339644}, {""component"": ""severity"", ""label"": ""Share of high-severity complaints"", ""peer_z"": -1.625980844191019, ""contribution"": -0.3251961688382038}, {""component"": ""self_history"", ""label"": ""Complaint count versus own history"", ""peer_z"": 1.0949187364216375, ""contribution"": 0.2189837472843275}]",none: descriptive live anomaly ranking
E1583D8BF9434,"Rocket Mortgage, LLC",2026-09-01,nonbank_originator,nonbank_originator,28,0.23372815268000993,"[{""component"": ""self_history"", ""label"": ""Complaint count versus own history"", ""peer_z"": 1.5420653936329973, ""contribution"": 0.2570108989388329}, {""component"": ""acceleration"", ""label"": ""Acceleration in complaint growth"", ""peer_z"": 0.5709555193150065, ""contribution"": 0.09515925321916775}, {""component"": ""untimely"", ""label"": ""Untimely company responses"", ""peer_z"": -0.33073103473255727, ""contribution"": -0.055121839122092876}]",none: descriptive live anomaly ranking
EED6B50CF122D,BANCO SANTANDER SA,2026-09-01,bank,bank,29,0.21782083375667652,"[{""component"": ""acceleration"", ""label"": ""Acceleration in complaint growth"", ""peer_z"": 2.058355866375275, ""contribution"": 0.2940508380536107}, {""component"": ""self_history"", ""label"": ""Complaint count versus own history"", ""peer_z"": -0.6653817403968789, ""contribution"": -0.09505453434241128}, {""component"": ""financial_stress"", ""label"": ""Bank financial stress"", ""peer_z"": 0.5450687807248448, ""contribution"": 0.07786696867497782}]",none: descriptive live anomaly ranking
E395472B677AD,WSFS FINANCIAL CORP,2026-09-01,bank,bank,30,0.21450348266530037,"[{""component"": ""severity"", ""label"": ""Share of high-severity complaints"", ""peer_z"": 2.0671838377507386, ""contribution"": 0.2953119768215341}, {""component"": ""issue_mix"", ""label"": ""Change in complaint issue mix"", ""peer_z"": -0.49551748100401344, ""contribution"": -0.07078821157200192}, {""component"": ""financial_stress"", ""label"": ""Bank financial stress"", ""peer_z"": -0.4250137882815739, ""contribution"": -0.06071625546879627}]",none: descriptive live anomaly ranking
E796248861ED3,M&T BANK CORP,2026-09-01,bank,bank,31,0.20557292982318293,"[{""component"": ""self_history"", ""label"": ""Complaint count versus own history"", ""peer_z"": 1.3524639728673216, ""contribution"": 0.19320913898104594}, {""component"": ""normalized_rate"", ""label"": ""Complaints per available exposure"", ""peer_z"": 0.9007833863632435, ""contribution"": 0.1286833409090348}, {""component"": ""issue_mix"", ""label"": ""Change in complaint issue mix"", ""peer_z"": -0.8189779913445869, ""contribution"": -0.11699685590636956}]",none: descriptive live anomaly ranking
E2C144F51D5CE,"PLANET HOME LENDING, LLC",2026-09-01,nonbank_originator,nonbank_originator,32,0.19640739266173698,"[{""component"": ""self_history"", ""label"": ""Complaint count versus own history"", ""peer_z"": 1.2133016155510876, ""contribution"": 0.20221693592518128}, {""component"": ""issue_mix"", ""label"": ""Change in complaint issue mix"", ""peer_z"": -0.8326225431504274, ""contribution"": -0.13877042385840457}, {""component"": ""severity"", ""label"": ""Share of high-severity complaints"", ""peer_z"": 0.7766710364428693, ""contribution"": 0.1294451727404782}]",none: descriptive live anomaly ranking
EBA3A552C2F88,MORTGAGE SOLUTIONS OF COLORADO,2026-09-01,nonbank_originator,nonbank_originator,33,0.19531708409196827,"[{""component"": ""severity"", ""label"": ""Share of high-severity complaints"", ""peer_z"": 1.1132942544465685, ""contribution"": 0.1855490424077614}, {""component"": ""self_history"", ""label"": ""Complaint count versus own history"", ""peer_z"": 0.5272242247225015, ""contribution"": 0.08787070412041692}, {""component"": ""issue_mix"", ""label"": ""Change in complaint issue mix"", ""peer_z"": -0.38533539907158715, ""contribution"": -0.06422256651193119}]",none: descriptive live anomaly ranking
E9A0A8C3892C7,21ST MORTGAGE CORP.,2026-09-01,nonbank_originator,nonbank_originator,34,0.19440440479318624,"[{""component"": ""severity"", ""label"": ""Share of high-severity complaints"", ""peer_z"": 1.690029257852904, ""contribution"": 0.28167154297548397}, {""component"": ""issue_mix"", ""label"": ""Change in complaint issue mix"", ""peer_z"": -0.7529706205404875, ""contribution"": -0.12549510342341458}, {""component"": ""self_history"", ""label"": ""Complaint count versus own history"", ""peer_z"": 0.6258517645905103, ""contribution"": 0.10430862743175172}]",none: descriptive live anomaly ranking
E99C4F19CABA9,FIFTH THIRD BCORP,2026-09-01,bank,bank,35,0.17687611896214,"[{""component"": ""self_history"", ""label"": ""Complaint count versus own history"", ""peer_z"": 2.7658715391130984, ""contribution"": 0.3951245055875855}, {""component"": ""issue_mix"", ""label"": ""Change in complaint issue mix"", ""peer_z"": -0.8020883325731333, ""contribution"": -0.11458404751044761}, {""component"": ""financial_stress"", ""label"": ""Bank financial stress"", ""peer_z"": -0.4846555508140445, ""contribution"": -0.06923650725914922}]",none: descriptive live anomaly ranking
EB163C5D356CB,"SELECT PORTFOLIO SERVICING, INC.",2026-09-01,nonbank_servicer,nonbank_servicer,36,0.17329632266685285,"[{""component"": ""self_history"", ""label"": ""Complaint count versus own history"", ""peer_z"": 0.8720766476367141, ""contribution"": 0.17441532952734282}, {""component"": ""issue_mix"", ""label"": ""Change in complaint issue mix"", ""peer_z"": -0.3935509329979419, ""contribution"": -0.07871018659958838}, {""component"": ""severity"", ""label"": ""Share of high-severity complaints"", ""peer_z"": 0.392622097027674, ""contribution"": 0.0785244194055348}]",none: descriptive live anomaly ranking
EE2ED85757AB4,Selene Finance LP,2026-09-01,nonbank_servicer,nonbank_servicer,37,0.1614410017174693,"[{""component"": ""self_history"", ""label"": ""Complaint count versus own history"", ""peer_z"": 0.867746240893223, ""contribution"": 0.17354924817864462}, {""component"": ""severity"", ""label"": ""Share of high-severity complaints"", ""peer_z"": 0.5739684627117382, ""contribution"": 0.11479369254234764}, {""component"": ""issue_mix"", ""label"": ""Change in complaint issue mix"", ""peer_z"": -0.36294986107243843, ""contribution"": -0.07258997221448768}]",none: descriptive live anomaly ranking
EA530F9DF6522,CrossCountry Mortgage LLC,2026-09-01,nonbank_originator,nonbank_originator,38,0.14276383733752515,"[{""component"": ""self_history"", ""label"": ""Complaint count versus own history"", ""peer_z"": 1.460366717070706, ""contribution"": 0.24339445284511765}, {""component"": ""issue_mix"", ""label"": ""Change in complaint issue mix"", ""peer_z"": -0.7678445269067208, ""contribution"": -0.1279740878177868}, {""component"": ""untimely"", ""label"": ""Untimely company responses"", ""peer_z"": 0.7519413968881244, ""contribution"": 0.12532356614802073}]",none: descriptive live anomaly ranking
E58809E9BF1B6,Ocwen Financial Corporation,2026-09-01,nonbank_servicer,nonbank_servicer,39,0.12679764412572925,"[{""component"": ""self_history"", ""label"": ""Complaint count versus own history"", ""peer_z"": 1.0058645561453907, ""contribution"": 0.20117291122907816}, {""component"": ""severity"", ""label"": ""Share of high-severity complaints"", ""peer_z"": 0.5804580814806218, ""contribution"": 0.11609161629612437}, {""component"": ""issue_mix"", ""label"": ""Change in complaint issue mix"", ""peer_z"": -0.3873265982012127, ""contribution"": -0.07746531964024253}]",none: descriptive live anomaly ranking
EA742F32A9337,PENTAGON FEDERAL CREDIT UNION,2026-09-01,credit_union,credit_union,40,0.11785113019775796,"[{""component"": ""normalized_rate"", ""label"": ""Complaints per available exposure"", ""peer_z"": 0.7071067811865478, ""contribution"": 0.11785113019775796}, {""component"": ""acceleration"", ""label"": ""Acceleration in complaint growth"", ""peer_z"": -0.7071067811865476, ""contribution"": -0.11785113019775793}, {""component"": ""issue_mix"", ""label"": ""Change in complaint issue mix"", ""peer_z"": 0.7071067811865476, ""contribution"": 0.11785113019775793}]",none: descriptive live anomaly ranking
E7ED7A72E8DF3,Guild Holdings Company,2026-09-01,nonbank_originator,nonbank_originator,41,0.11077971121766032,"[{""component"": ""self_history"", ""label"": ""Complaint count versus own history"", ""peer_z"": 0.8279327565143085, ""contribution"": 0.1655865513028617}, {""component"": ""issue_mix"", ""label"": ""Change in complaint issue mix"", ""peer_z"": -0.5546102344601704, ""contribution"": -0.11092204689203408}, {""component"": ""severity"", ""label"": ""Share of high-severity complaints"", ""peer_z"": 0.3499037959234287, ""contribution"": 0.06998075918468574}]",none: descriptive live anomaly ranking
E3AAEFE62826F,Home Point Financial Corporation,2026-09-01,nonbank_servicer,nonbank_servicer,42,0.09397977860303408,"[{""component"": ""acceleration"", ""label"": ""Acceleration in complaint growth"", ""peer_z"": 1.6561079607434426, ""contribution"": 0.3312215921486885}, {""component"": ""self_history"", ""label"": ""Complaint count versus own history"", ""peer_z"": -0.6049745498788167, ""contribution"": -0.12099490997576334}, {""component"": ""issue_mix"", ""label"": ""Change in complaint issue mix"", ""peer_z"": -0.2910786492733387, ""contribution"": -0.05821572985466774}]",none: descriptive live anomaly ranking
E25524C3723E3,"LoanCare, LLC",2026-09-01,nonbank_servicer,nonbank_servicer,43,0.09303849646721217,"[{""component"": ""self_history"", ""label"": ""Complaint count versus own history"", ""peer_z"": 0.876078042488699, ""contribution"": 0.17521560849773982}, {""component"": ""issue_mix"", ""label"": ""Change in complaint issue mix"", ""peer_z"": -0.32824597041720166, ""contribution"": -0.06564919408344033}, {""component"": ""untimely"", ""label"": ""Untimely company responses"", ""peer_z"": -0.1796069791598437, ""contribution"": -0.03592139583196874}]",none: descriptive live anomaly ranking
ED481C2307342,Freedom Mortgage Company,2026-09-01,nonbank_originator,nonbank_originator,44,0.08680189473684757,"[{""component"": ""self_history"", ""label"": ""Complaint count versus own history"", ""peer_z"": 1.0942455808771006, ""contribution"": 0.18237426347951677}, {""component"": ""issue_mix"", ""label"": ""Change in complaint issue mix"", ""peer_z"": -0.7742996716388312, ""contribution"": -0.12904994527313854}, {""component"": ""normalized_rate"", ""label"": ""Complaints per available exposure"", ""peer_z"": 0.3158266107106412, ""contribution"": 0.05263776845177354}]",none: descriptive live anomaly ranking
E141256315B89,KEYCORP,2026-09-01,bank,bank,45,0.08324064143974104,"[{""component"": ""acceleration"", ""label"": ""Acceleration in complaint growth"", ""peer_z"": 1.4840279647926784, ""contribution"": 0.21200399497038264}, {""component"": ""severity"", ""label"": ""Share of high-severity complaints"", ""peer_z"": -0.822271300688471, ""contribution"": -0.11746732866978157}, {""component"": ""self_history"", ""label"": ""Complaint count versus own history"", ""peer_z"": 0.7970347423718882, ""contribution"": 0.11386210605312688}]",none: descriptive live anomaly ranking
E06161BBFB0B1,"PENNYMAC LOAN SERVICES, LLC.",2026-09-01,nonbank_servicer,nonbank_servicer,46,0.07927578202785271,"[{""component"": ""self_history"", ""label"": ""Complaint count versus own history"", ""peer_z"": 1.4578211731719435, ""contribution"": 0.2915642346343887}, {""component"": ""issue_mix"", ""label"": ""Change in complaint issue mix"", ""peer_z"": -0.346731445597208, ""contribution"": -0.0693462891194416}, {""component"": ""acceleration"", ""label"": ""Acceleration in complaint growth"", ""peer_z"": -0.2770307559821222, ""contribution"": -0.05540615119642443}]",none: descriptive live anomaly ranking
EFC98082BDBFD,F N B CORP,2026-09-01,bank,bank,47,0.06581499054095451,"[{""component"": ""untimely"", ""label"": ""Untimely company responses"", ""peer_z"": 1.3612767773459935, ""contribution"": 0.19446811104942766}, {""component"": ""financial_stress"", ""label"": ""Bank financial stress"", ""peer_z"": -0.6932386922903158, ""contribution"": -0.09903409889861654}, {""component"": ""self_history"", ""label"": ""Complaint count versus own history"", ""peer_z"": -0.46398922431928524, ""contribution"": -0.06628417490275504}]",none: descriptive live anomaly ranking
E91A0E7620550,"VANDERBILT MORTGAGE & FINANCE, INC",2026-09-01,nonbank_originator,nonbank_originator,48,0.05637285676140676,"[{""component"": ""severity"", ""label"": ""Share of high-severity complaints"", ""peer_z"": 1.8407830446873985, ""contribution"": 0.3067971741145664}, {""component"": ""issue_mix"", ""label"": ""Change in complaint issue mix"", ""peer_z"": -0.7700270453660956, ""contribution"": -0.12833784089434927}, {""component"": ""self_history"", ""label"": ""Complaint count versus own history"", ""peer_z"": -0.6438121677025049, ""contribution"": -0.10730202795041749}]",none: descriptive live anomaly ranking
E2FE689061D63,"Dovenmuehle Mortgage, Inc.",2026-09-01,nonbank_servicer,nonbank_servicer,49,0.027649184428682187,"[{""component"": ""self_history"", ""label"": ""Complaint count versus own history"", ""peer_z"": 1.0521392851025337, ""contribution"": 0.21042785702050676}, {""component"": ""severity"", ""label"": ""Share of high-severity complaints"", ""peer_z"": -0.4097014395625064, ""contribution"": -0.08194028791250127}, {""component"": ""untimely"", ""label"": ""Untimely company responses"", ""peer_z"": -0.20312196674654467, ""contribution"": -0.04062439334930894}]",none: descriptive live anomaly ranking
E1FDDE5D766D3,"Shellpoint Partners, LLC",2026-09-01,nonbank_servicer,nonbank_servicer,50,0.014485218205771122,"[{""component"": ""self_history"", ""label"": ""Complaint count versus own history"", ""peer_z"": 0.6396301831921025, ""contribution"": 0.1279260366384205}, {""component"": ""severity"", ""label"": ""Share of high-severity complaints"", ""peer_z"": -0.49686681562694446, ""contribution"": -0.09937336312538889}, {""component"": ""untimely"", ""label"": ""Untimely company responses"", ""peer_z"": 0.42955356987589494, ""contribution"": 0.08591071397517899}]",none: descriptive live anomaly ranking
EEA501D46F351,THIRD FS&LA OF CLEVELAND MHC,2026-09-01,bank,bank,51,0.008886292082741396,"[{""component"": ""severity"", ""label"": ""Share of high-severity complaints"", ""peer_z"": -1.1951601690944913, ""contribution"": -0.17073716701349875}, {""component"": ""self_history"", ""label"": ""Complaint count versus own history"", ""peer_z"": 0.7126394925890729, ""contribution"": 0.10180564179843898}, {""component"": ""normalized_rate"", ""label"": ""Complaints per available exposure"", ""peer_z"": 0.47389341212267927, ""contribution"": 0.06769905887466847}]",none: descriptive live anomaly ranking
E182F7E774550,FCI Lender Services Inc.,2026-09-01,nonbank_servicer,nonbank_servicer,52,-0.020293735771319765,"[{""component"": ""severity"", ""label"": ""Share of high-severity complaints"", ""peer_z"": 0.7809265783986583, ""contribution"": 0.15618531567973165}, {""component"": ""issue_mix"", ""label"": ""Change in complaint issue mix"", ""peer_z"": -0.36165566038217056, ""contribution"": -0.07233113207643412}, {""component"": ""untimely"", ""label"": ""Untimely company responses"", ""peer_z"": -0.20312196674654467, ""contribution"": -0.04062439334930894}]",none: descriptive live anomaly ranking
E0F85A0D4F508,Movement Mortgage LLC,2026-09-01,nonbank_originator,nonbank_originator,53,-0.02177533802666067,"[{""component"": ""issue_mix"", ""label"": ""Change in complaint issue mix"", ""peer_z"": 0.43960810591920285, ""contribution"": 0.07326801765320047}, {""component"": ""severity"", ""label"": ""Share of high-severity complaints"", ""peer_z"": 0.3679979776094584, ""contribution"": 0.06133299626824307}, {""component"": ""untimely"", ""label"": ""Untimely company responses"", ""peer_z"": -0.3370168988974754, ""contribution"": -0.05616948314957923}]",none: descriptive live anomaly ranking
EDFEA33F217F1,HUNTINGTON BANCSHARES INC,2026-09-01,bank,bank,54,-0.0275386508223524,"[{""component"": ""self_history"", ""label"": ""Complaint count versus own history"", ""peer_z"": 1.933725630400958, ""contribution"": 0.2762465186287083}, {""component"": ""issue_mix"", ""label"": ""Change in complaint issue mix"", ""peer_z"": -0.6575851818738417, ""contribution"": -0.09394074026769168}, {""component"": ""severity"", ""label"": ""Share of high-severity complaints"", ""peer_z"": -0.4430128549871839, ""contribution"": -0.06328755071245484}]",none: descriptive live anomaly ranking
E5571C16499FD,HSBC HOLDINGS PLC,2026-09-01,bank,bank,55,-0.03064795649187172,"[{""component"": ""acceleration"", ""label"": ""Acceleration in complaint growth"", ""peer_z"": 0.6589536019003011, ""contribution"": 0.09413622884290015}, {""component"": ""normalized_rate"", ""label"": ""Complaints per available exposure"", ""peer_z"": -0.4257967481432867, ""contribution"": -0.060828106877612385}, {""component"": ""untimely"", ""label"": ""Untimely company responses"", ""peer_z"": -0.2860011862631761, ""contribution"": -0.04085731232331087}]",none: descriptive live anomaly ranking
E4C87DEE7BA6C,GUARANTEED RATE INC.,2026-09-01,nonbank_originator,nonbank_originator,56,-0.036535338371422615,"[{""component"": ""self_history"", ""label"": ""Complaint count versus own history"", ""peer_z"": 1.5364459053202542, ""contribution"": 0.2560743175533757}, {""component"": ""severity"", ""label"": ""Share of high-severity complaints"", ""peer_z"": -1.0073502955991813, ""contribution"": -0.16789171593319688}, {""component"": ""issue_mix"", ""label"": ""Change in complaint issue mix"", ""peer_z"": -0.5313142266776658, ""contribution"": -0.0885523711129443}]",none: descriptive live anomaly ranking
EB82EE4EBB125,UNITED SERVICES AUTOMOBILE ASSN,2026-09-01,bank,bank,57,-0.042899826802937434,"[{""component"": ""financial_stress"", ""label"": ""Bank financial stress"", ""peer_z"": 1.2525421463849569, ""contribution"": 0.17893459234070813}, {""component"": ""issue_mix"", ""label"": ""Change in complaint issue mix"", ""peer_z"": -0.6312558296057448, ""contribution"": -0.09017940422939211}, {""component"": ""self_history"", ""label"": ""Complaint count versus own history"", ""peer_z"": -0.42535027148352744, ""contribution"": -0.06076432449764678}]",none: descriptive live anomaly ranking
EC88D0EDB5407,PNC FINL SERVICES GROUP INC,2026-09-01,bank,bank,58,-0.05309743473849328,"[{""component"": ""self_history"", ""label"": ""Complaint count versus own history"", ""peer_z"": 1.0243711726623517, ""contribution"": 0.14633873895176452}, {""component"": ""issue_mix"", ""label"": ""Change in complaint issue mix"", ""peer_z"": -0.9377388202913252, ""contribution"": -0.13396268861304644}, {""component"": ""untimely"", ""label"": ""Untimely company responses"", ""peer_z"": -0.2860011862631761, ""contribution"": -0.04085731232331087}]",none: descriptive live anomaly ranking
E3386A41C1D8E,"LAKEVIEW LOAN SERVICING, LLC",2026-09-01,nonbank_servicer,nonbank_servicer,59,-0.060592363926573925,"[{""component"": ""self_history"", ""label"": ""Complaint count versus own history"", ""peer_z"": 0.7009410415983423, ""contribution"": 0.14018820831966844}, {""component"": ""issue_mix"", ""label"": ""Change in complaint issue mix"", ""peer_z"": -0.2910786492733387, ""contribution"": -0.05821572985466774}, {""component"": ""acceleration"", ""label"": ""Acceleration in complaint growth"", ""peer_z"": -0.2804273282272973, ""contribution"": -0.056085465645459465}]",none: descriptive live anomaly ranking
EFEEA1A616991,CITIGROUP INC,2026-09-01,bank,bank,60,-0.06448741933690925,"[{""component"": ""severity"", ""label"": ""Share of high-severity complaints"", ""peer_z"": -0.9048271617867342, ""contribution"": -0.1292610231123906}, {""component"": ""acceleration"", ""label"": ""Acceleration in complaint growth"", ""peer_z"": 0.8936496920012759, ""contribution"": 0.12766424171446797}, {""component"": ""issue_mix"", ""label"": ""Change in complaint issue mix"", ""peer_z"": -0.6983791793746378, ""contribution"": -0.09976845419637682}]",none: descriptive live anomaly ranking
EB65DCEF09CD6,PARAMOUNT RESIDENTIAL MORTGAGE GROUP,2026-09-01,nonbank_originator,nonbank_originator,61,-0.06956265160607188,"[{""component"": ""self_history"", ""label"": ""Complaint count versus own history"", ""peer_z"": -0.8205282832583242, ""contribution"": -0.13675471387638735}, {""component"": ""acceleration"", ""label"": ""Acceleration in complaint growth"", ""peer_z"": 0.668542128751436, ""contribution"": 0.11142368812523934}, {""component"": ""untimely"", ""label"": ""Untimely company responses"", ""peer_z"": -0.3370168988974754, ""contribution"": -0.05616948314957923}]",none: descriptive live anomaly ranking
E18CD77639D2E,"AmeriHome Mortgage Company, LLC",2026-09-01,nonbank_originator,nonbank_originator,62,-0.09761521726432672,"[{""component"": ""acceleration"", ""label"": ""Acceleration in complaint growth"", ""peer_z"": -0.8751827839549133, ""contribution"": -0.1458637973258189}, {""component"": ""issue_mix"", ""label"": ""Change in complaint issue mix"", ""peer_z"": -0.8267185323712967, ""contribution"": -0.13778642206188277}, {""component"": ""self_history"", ""label"": ""Complaint count versus own history"", ""peer_z"": 0.649157508958963, ""contribution"": 0.10819291815982716}]",none: descriptive live anomaly ranking
E9ED450892152,"Mortgage Research Center, LLC",2026-09-01,nonbank_originator,nonbank_originator,63,-0.11061030294542722,"[{""component"": ""self_history"", ""label"": ""Complaint count versus own history"", ""peer_z"": 0.6382146164915661, ""contribution"": 0.10636910274859435}, {""component"": ""severity"", ""label"": ""Share of high-severity complaints"", ""peer_z"": -0.5765183064012941, ""contribution"": -0.09608638440021568}, {""component"": ""issue_mix"", ""label"": ""Change in complaint issue mix"", ""peer_z"": -0.5690960546614117, ""contribution"": -0.09484934244356862}]",none: descriptive live anomaly ranking
E073BF657F5B1,"Seterus, Inc.",2026-09-01,nonbank_servicer,nonbank_servicer,64,-0.11409958635678971,"[{""component"": ""issue_mix"", ""label"": ""Change in complaint issue mix"", ""peer_z"": -0.2910786492733387, ""contribution"": -0.05821572985466774}, {""component"": ""untimely"", ""label"": ""Untimely company responses"", ""peer_z"": -0.20312196674654467, ""contribution"": -0.04062439334930894}, {""component"": ""severity"", ""label"": ""Share of high-severity complaints"", ""peer_z"": -0.08703390182957219, ""contribution"": -0.017406780365914438}]",none: descriptive live anomaly ranking
E30922865A8BB,Ditech Financial LLC,2026-09-01,nonbank_servicer,nonbank_servicer,65,-0.11409958635678971,"[{""component"": ""issue_mix"", ""label"": ""Change in complaint issue mix"", ""peer_z"": -0.2910786492733387, ""contribution"": -0.05821572985466774}, {""component"": ""untimely"", ""label"": ""Untimely company responses"", ""peer_z"": -0.20312196674654467, ""contribution"": -0.04062439334930894}, {""component"": ""severity"", ""label"": ""Share of high-severity complaints"", ""peer_z"": -0.08703390182957219, ""contribution"": -0.017406780365914438}]",none: descriptive live anomaly ranking
E51D05DB96886,PHH Mortgage Services Corporation,2026-09-01,nonbank_servicer,nonbank_servicer,66,-0.11409958635678971,"[{""component"": ""issue_mix"", ""label"": ""Change in complaint issue mix"", ""peer_z"": -0.2910786492733387, ""contribution"": -0.05821572985466774}, {""component"": ""untimely"", ""label"": ""Untimely company responses"", ""peer_z"": -0.20312196674654467, ""contribution"": -0.04062439334930894}, {""component"": ""severity"", ""label"": ""Share of high-severity complaints"", ""peer_z"": -0.08703390182957219, ""contribution"": -0.017406780365914438}]",none: descriptive live anomaly ranking
E58B09E687642,"Reverse Mortgage Solutions, Inc.",2026-09-01,nonbank_servicer,nonbank_servicer,67,-0.11409958635678971,"[{""component"": ""issue_mix"", ""label"": ""Change in complaint issue mix"", ""peer_z"": -0.2910786492733387, ""contribution"": -0.05821572985466774}, {""component"": ""untimely"", ""label"": ""Untimely company responses"", ""peer_z"": -0.20312196674654467, ""contribution"": -0.04062439334930894}, {""component"": ""severity"", ""label"": ""Share of high-severity complaints"", ""peer_z"": -0.08703390182957219, ""contribution"": -0.017406780365914438}]",none: descriptive live anomaly ranking
EB78C56BDE867,"Residential Credit Solutions, Inc.",2026-09-01,nonbank_servicer,nonbank_servicer,68,-0.11409958635678971,"[{""component"": ""issue_mix"", ""label"": ""Change in complaint issue mix"", ""peer_z"": -0.2910786492733387, ""contribution"": -0.05821572985466774}, {""component"": ""untimely"", ""label"": ""Untimely company responses"", ""peer_z"": -0.20312196674654467, ""contribution"": -0.04062439334930894}, {""component"": ""severity"", ""label"": ""Share of high-severity complaints"", ""peer_z"": -0.08703390182957219, ""contribution"": -0.017406780365914438}]",none: descriptive live anomaly ranking
EA7E086856794,"BROKER SOLUTIONS, INC.",2026-09-01,nonbank_originator,nonbank_originator,69,-0.11666421826726418,"[{""component"": ""severity"", ""label"": ""Share of high-severity complaints"", ""peer_z"": 0.6057875906023203, ""contribution"": 0.10096459843372006}, {""component"": ""acceleration"", ""label"": ""Acceleration in complaint growth"", ""peer_z"": -0.5642623066292519, ""contribution"": -0.09404371777154198}, {""component"": ""issue_mix"", ""label"": ""Change in complaint issue mix"", ""peer_z"": -0.4398845803210214, ""contribution"": -0.07331409672017024}]",none: descriptive live anomaly ranking
E8CC698A4A61E,NAVY FEDERAL CREDIT UNION,2026-09-01,credit_union,credit_union,70,-0.11785113019775785,"[{""component"": ""acceleration"", ""label"": ""Acceleration in complaint growth"", ""peer_z"": 0.7071067811865476, ""contribution"": 0.11785113019775793}, {""component"": ""self_history"", ""label"": ""Complaint count versus own history"", ""peer_z"": 0.7071067811865476, ""contribution"": 0.11785113019775793}, {""component"": ""severity"", ""label"": ""Share of high-severity complaints"", ""peer_z"": -0.7071067811865476, ""contribution"": -0.11785113019775793}]",none: descriptive live anomaly ranking
E41CFAD8559FE,"Pacific Union Financial, LLC",2026-09-01,nonbank_originator,nonbank_originator,71,-0.1245696375533482,"[{""component"": ""issue_mix"", ""label"": ""Change in complaint issue mix"", ""peer_z"": -0.41206514985675535, ""contribution"": -0.08241302997135107}, {""component"": ""acceleration"", ""label"": ""Acceleration in complaint growth"", ""peer_z"": 0.3785848319864933, ""contribution"": 0.07571696639729866}, {""component"": ""untimely"", ""label"": ""Untimely company responses"", ""peer_z"": -0.3370168988974754, ""contribution"": -0.06740337977949508}]",none: descriptive live anomaly ranking
EA73017851BEB,"Stearns Ventures, LLC",2026-09-01,nonbank_originator,nonbank_originator,72,-0.1245696375533482,"[{""component"": ""issue_mix"", ""label"": ""Change in complaint issue mix"", ""peer_z"": -0.41206514985675535, ""contribution"": -0.08241302997135107}, {""component"": ""acceleration"", ""label"": ""Acceleration in complaint growth"", ""peer_z"": 0.3785848319864933, ""contribution"": 0.07571696639729866}, {""component"": ""untimely"", ""label"": ""Untimely company responses"", ""peer_z"": -0.3370168988974754, ""contribution"": -0.06740337977949508}]",none: descriptive live anomaly ranking
EC85B7D656E53,FRANKLIN AMERICAN MORTGAGE CO.,2026-09-01,nonbank_originator,nonbank_originator,73,-0.1245696375533482,"[{""component"": ""issue_mix"", ""label"": ""Change in complaint issue mix"", ""peer_z"": -0.41206514985675535, ""contribution"": -0.08241302997135107}, {""component"": ""acceleration"", ""label"": ""Acceleration in complaint growth"", ""peer_z"": 0.3785848319864933, ""contribution"": 0.07571696639729866}, {""component"": ""untimely"", ""label"": ""Untimely company responses"", ""peer_z"": -0.3370168988974754, ""contribution"": -0.06740337977949508}]",none: descriptive live anomaly ranking
EC2C27F26E8F0,BANK OF AMERICA CORP,2026-09-01,bank,bank,74,-0.1372446190158414,"[{""component"": ""issue_mix"", ""label"": ""Change in complaint issue mix"", ""peer_z"": -0.752101677399261, ""contribution"": -0.10744309677132301}, {""component"": ""severity"", ""label"": ""Share of high-severity complaints"", ""peer_z"": 0.6090914417838867, ""contribution"": 0.08701306311198383}, {""component"": ""normalized_rate"", ""label"": ""Complaints per available exposure"", ""peer_z"": -0.3861469848113872, ""contribution"": -0.055163854973055315}]",none: descriptive live anomaly ranking
EEABDDDD2DFE8,AMERIS BCORP,2026-09-01,bank,bank,75,-0.14435303625314927,"[{""component"": ""untimely"", ""label"": ""Untimely company responses"", ""peer_z"": 1.2614417492484682, ""contribution"": 0.1802059641783526}, {""component"": ""financial_stress"", ""label"": ""Bank financial stress"", ""peer_z"": -0.784108710909838, ""contribution"": -0.11201553012997686}, {""component"": ""self_history"", ""label"": ""Complaint count versus own history"", ""peer_z"": -0.7723834803738929, ""contribution"": -0.11034049719627041}]",none: descriptive live anomaly ranking
E55E8F997C41C,"PRIMELENDING, A PLAINSCAPITAL COMPANY",2026-09-01,nonbank_originator,nonbank_originator,76,-0.14802779932637578,"[{""component"": ""issue_mix"", ""label"": ""Change in complaint issue mix"", ""peer_z"": -0.41206514985675535, ""contribution"": -0.06867752497612589}, {""component"": ""acceleration"", ""label"": ""Acceleration in complaint growth"", ""peer_z"": 0.3785848319864933, ""contribution"": 0.06309747199774889}, {""component"": ""untimely"", ""label"": ""Untimely company responses"", ""peer_z"": -0.3370168988974754, ""contribution"": -0.05616948314957923}]",none: descriptive live anomaly ranking
E595375A39DFA,MidAmerica Mortgage Inc,2026-09-01,nonbank_originator,nonbank_originator,77,-0.14802779932637578,"[{""component"": ""issue_mix"", ""label"": ""Change in complaint issue mix"", ""peer_z"": -0.41206514985675535, ""contribution"": -0.06867752497612589}, {""component"": ""acceleration"", ""label"": ""Acceleration in complaint growth"", ""peer_z"": 0.3785848319864933, ""contribution"": 0.06309747199774889}, {""component"": ""untimely"", ""label"": ""Untimely company responses"", ""peer_z"": -0.3370168988974754, ""contribution"": -0.05616948314957923}]",none: descriptive live anomaly ranking
EFA4E9E07892E,"LD Holdings Group, LLC",2026-09-01,nonbank_originator,nonbank_originator,78,-0.14929884602900978,"[{""component"": ""issue_mix"", ""label"": ""Change in complaint issue mix"", ""peer_z"": -0.6513823472840912, ""contribution"": -0.13027646945681823}, {""component"": ""self_history"", ""label"": ""Complaint count versus own history"", ""peer_z"": -0.2636719504365095, ""contribution"": -0.052734390087301894}, {""component"": ""untimely"", ""label"": ""Untimely company responses"", ""peer_z"": 0.13314570601157946, ""contribution"": 0.026629141202315892}]",none: descriptive live anomaly ranking
E3EF704205792,FIRST CITIZENS BANCSHARES INC,2026-09-01,bank,bank,79,-0.15208723492916057,"[{""component"": ""normalized_rate"", ""label"": ""Complaints per available exposure"", ""peer_z"": -0.47573611640882135, ""contribution"": -0.06796230234411733}, {""component"": ""severity"", ""label"": ""Share of high-severity complaints"", ""peer_z"": -0.4459136986228596, ""contribution"": -0.06370195694612281}, {""component"": ""acceleration"", ""label"": ""Acceleration in complaint growth"", ""peer_z"": -0.4356825345430564, ""contribution"": -0.062240362077579485}]",none: descriptive live anomaly ranking
ED7AC947B93AB,TRUIST FINANCIAL CORP,2026-09-01,bank,bank,80,-0.16104570124765696,"[{""component"": ""issue_mix"", ""label"": ""Change in complaint issue mix"", ""peer_z"": -0.8583629340609525, ""contribution"": -0.1226232762944218}, {""component"": ""self_history"", ""label"": ""Complaint count versus own history"", ""peer_z"": 0.5850271658849961, ""contribution"": 0.0835753094121423}, {""component"": ""severity"", ""label"": ""Share of high-severity complaints"", ""peer_z"": -0.39415654112317455, ""contribution"": -0.05630807730331065}]",none: descriptive live anomaly ranking
E2E0260B2F238,SYNCHRONY FINANCIAL,2026-09-01,bank,bank,81,-0.16541757721700717,"[{""component"": ""acceleration"", ""label"": ""Acceleration in complaint growth"", ""peer_z"": 1.6054032633381035, ""contribution"": 0.22934332333401478}, {""component"": ""severity"", ""label"": ""Share of high-severity complaints"", ""peer_z"": -1.4292996911168763, ""contribution"": -0.20418567015955374}, {""component"": ""self_history"", ""label"": ""Complaint count versus own history"", ""peer_z"": -1.3515377973774727, ""contribution"": -0.19307682819678182}]",none: descriptive live anomaly ranking
EE982339EE76B,"United Shore Financial Services, LLC",2026-09-01,nonbank_originator,nonbank_originator,82,-0.1685495367460125,"[{""component"": ""issue_mix"", ""label"": ""Change in complaint issue mix"", ""peer_z"": -0.8975312726187351, ""contribution"": -0.14958854543645586}, {""component"": ""self_history"", ""label"": ""Complaint count versus own history"", ""peer_z"": 0.6196235167395762, ""contribution"": 0.10327058612326269}, {""component"": ""normalized_rate"", ""label"": ""Complaints per available exposure"", ""peer_z"": -0.22735816174162024, ""contribution"": -0.03789302695693671}]",none: descriptive live anomaly ranking
E4C7F433D63C0,ASSOCIATED BANC-CORP,2026-09-01,bank,bank,83,-0.16867011705412613,"[{""component"": ""severity"", ""label"": ""Share of high-severity complaints"", ""peer_z"": -0.4927416030273366, ""contribution"": -0.0703916575753338}, {""component"": ""issue_mix"", ""label"": ""Change in complaint issue mix"", ""peer_z"": 0.3577542454164048, ""contribution"": 0.05110774934520069}, {""component"": ""untimely"", ""label"": ""Untimely company responses"", ""peer_z"": -0.2860011862631761, ""contribution"": -0.04085731232331087}]",none: descriptive live anomaly ranking
EB7F1B7690613,PRIMARY RESIDENTIAL MORTGAGE,2026-09-01,nonbank_originator,nonbank_originator,84,-0.19294523508805184,"[{""component"": ""acceleration"", ""label"": ""Acceleration in complaint growth"", ""peer_z"": -1.8771320646309666, ""contribution"": -0.3128553441051611}, {""component"": ""issue_mix"", ""label"": ""Change in complaint issue mix"", ""peer_z"": 1.233235717900027, ""contribution"": 0.20553928631667118}, {""component"": ""severity"", ""label"": ""Share of high-severity complaints"", ""peer_z"": 0.6697184572240045, ""contribution"": 0.11161974287066741}]",none: descriptive live anomaly ranking
E20E78396D860,"Peer Advisors, LLC",2026-09-01,nonbank_servicer,nonbank_servicer,85,-0.20779867580843553,"[{""component"": ""acceleration"", ""label"": ""Acceleration in complaint growth"", ""peer_z"": -0.9150786866178854, ""contribution"": -0.18301573732357707}, {""component"": ""issue_mix"", ""label"": ""Change in complaint issue mix"", ""peer_z"": -0.36566054042504936, ""contribution"": -0.07313210808500988}, {""component"": ""self_history"", ""label"": ""Complaint count versus own history"", ""peer_z"": 0.16730524977539055, ""contribution"": 0.03346104995507811}]",none: descriptive live anomaly ranking
EB426F57A0F60,JPMORGAN CHASE&CO,2026-09-01,bank,bank,86,-0.20866853743108665,"[{""component"": ""issue_mix"", ""label"": ""Change in complaint issue mix"", ""peer_z"": -0.952961211762894, ""contribution"": -0.13613731596612771}, {""component"": ""self_history"", ""label"": ""Complaint count versus own history"", ""peer_z"": 0.6097054600828227, ""contribution"": 0.08710078001183182}, {""component"": ""severity"", ""label"": ""Share of high-severity complaints"", ""peer_z"": -0.42356401697526824, ""contribution"": -0.060509145282181175}]",none: descriptive live anomaly ranking
E0F4D2A3DE7F9,FIRST HORIZON CORP,2026-09-01,bank,bank,87,-0.21631829391761423,"[{""component"": ""acceleration"", ""label"": ""Acceleration in complaint growth"", ""peer_z"": -1.338877388433149, ""contribution"": -0.19126819834759273}, {""component"": ""issue_mix"", ""label"": ""Change in complaint issue mix"", ""peer_z"": 0.9563910407088315, ""contribution"": 0.13662729152983308}, {""component"": ""self_history"", ""label"": ""Complaint count versus own history"", ""peer_z"": -0.8549036151047102, ""contribution"": -0.12212908787210146}]",none: descriptive live anomaly ranking
E54523B495FBB,RUSHMORE LOAN MANAGEMENT SERVICES LLC,2026-09-01,nonbank_servicer,nonbank_servicer,88,-0.22035850364812556,"[{""component"": ""self_history"", ""label"": ""Complaint count versus own history"", ""peer_z"": -0.6006840609500638, ""contribution"": -0.12013681219001275}, {""component"": ""issue_mix"", ""label"": ""Change in complaint issue mix"", ""peer_z"": -0.2910786492733387, ""contribution"": -0.05821572985466774}, {""component"": ""untimely"", ""label"": ""Untimely company responses"", ""peer_z"": -0.20312196674654467, ""contribution"": -0.04062439334930894}]",none: descriptive live anomaly ranking
EBD7B63074BE8,Chrysalis Holdings LLC,2026-09-01,nonbank_originator,nonbank_originator,89,-0.23787894474818447,"[{""component"": ""severity"", ""label"": ""Share of high-severity complaints"", ""peer_z"": -1.3538979640233126, ""contribution"": -0.2707795928046625}, {""component"": ""self_history"", ""label"": ""Complaint count versus own history"", ""peer_z"": 0.7882767815229932, ""contribution"": 0.15765535630459865}, {""component"": ""issue_mix"", ""label"": ""Change in complaint issue mix"", ""peer_z"": -0.43509980321991687, ""contribution"": -0.08701996064398337}]",none: descriptive live anomaly ranking
EE034DEE8CD18,DHI Mortgage Company,2026-09-01,nonbank_originator,nonbank_originator,90,-0.24279448365900932,"[{""component"": ""severity"", ""label"": ""Share of high-severity complaints"", ""peer_z"": -1.1193437569821862, ""contribution"": -0.18655729283036437}, {""component"": ""issue_mix"", ""label"": ""Change in complaint issue mix"", ""peer_z"": 0.893793123426739, ""contribution"": 0.14896552057112317}, {""component"": ""self_history"", ""label"": ""Complaint count versus own history"", ""peer_z"": -0.5408631107390633, ""contribution"": -0.0901438517898439}]",none: descriptive live anomaly ranking
EEEC3CB5858E0,WELLS FARGO&COMPANY,2026-09-01,bank,bank,91,-0.24454627969977435,"[{""component"": ""self_history"", ""label"": ""Complaint count versus own history"", ""peer_z"": -1.0310927061771713, ""contribution"": -0.14729895802531018}, {""component"": ""issue_mix"", ""label"": ""Change in complaint issue mix"", ""peer_z"": -0.8910098919911805, ""contribution"": -0.1272871274273115}, {""component"": ""severity"", ""label"": ""Share of high-severity complaints"", ""peer_z"": 0.3748858097788131, ""contribution"": 0.05355511568268758}]",none: descriptive live anomaly ranking
E4AED565BA8B0,LAND HOME FINANCIAL SERVICES,2026-09-01,nonbank_originator,nonbank_originator,92,-0.24633574189585716,"[{""component"": ""self_history"", ""label"": ""Complaint count versus own history"", ""peer_z"": -0.816834088496782, ""contribution"": -0.13613901474946366}, {""component"": ""acceleration"", ""label"": ""Acceleration in complaint growth"", ""peer_z"": -0.5642623066292523, ""contribution"": -0.09404371777154204}, {""component"": ""severity"", ""label"": ""Share of high-severity complaints"", ""peer_z"": -0.4016078834363399, ""contribution"": -0.06693464723938998}]",none: descriptive live anomaly ranking
ED7D34A644FA7,WAFD INC,2026-09-01,bank,bank,93,-0.2502756549991597,"[{""component"": ""normalized_rate"", ""label"": ""Complaints per available exposure"", ""peer_z"": -0.5305758464861728, ""contribution"": -0.0757965494980247}, {""component"": ""issue_mix"", ""label"": ""Change in complaint issue mix"", ""peer_z"": -0.35234465337451537, ""contribution"": -0.05033495048207363}, {""component"": ""untimely"", ""label"": ""Untimely company responses"", ""peer_z"": -0.2860011862631761, ""contribution"": -0.04085731232331087}]",none: descriptive live anomaly ranking
EBDAA9CD74FD1,New York Community / Flagstar Financial,2026-09-01,bank,bank,94,-0.2638144153106921,"[{""component"": ""self_history"", ""label"": ""Complaint count versus own history"", ""peer_z"": -1.6315614199890915, ""contribution"": -0.2330802028555845}, {""component"": ""issue_mix"", ""label"": ""Change in complaint issue mix"", ""peer_z"": -0.6339187519788452, ""contribution"": -0.0905598217112636}, {""component"": ""financial_stress"", ""label"": ""Bank financial stress"", ""peer_z"": 0.4781072519770966, ""contribution"": 0.06830103599672809}]",none: descriptive live anomaly ranking
EFB32B9881EC7,Specialized Loan Servicing Holdings LLC,2026-09-01,nonbank_servicer,nonbank_servicer,95,-0.26927841161707444,"[{""component"": ""self_history"", ""label"": ""Complaint count versus own history"", ""peer_z"": -0.8452836007948082, ""contribution"": -0.16905672015896164}, {""component"": ""issue_mix"", ""label"": ""Change in complaint issue mix"", ""peer_z"": -0.2910786492733387, ""contribution"": -0.05821572985466774}, {""component"": ""untimely"", ""label"": ""Untimely company responses"", ""peer_z"": -0.20312196674654467, ""contribution"": -0.04062439334930894}]",none: descriptive live anomaly ranking
E1F64F22C9C13,TRUSTMARK CORP,2026-09-01,bank,bank,96,-0.2717586604071814,"[{""component"": ""normalized_rate"", ""label"": ""Complaints per available exposure"", ""peer_z"": -0.5305758464861728, ""contribution"": -0.0757965494980247}, {""component"": ""financial_stress"", ""label"": ""Bank financial stress"", ""peer_z"": -0.42852397479649545, ""contribution"": -0.06121771068521364}, {""component"": ""issue_mix"", ""label"": ""Change in complaint issue mix"", ""peer_z"": -0.35234465337451537, ""contribution"": -0.05033495048207363}]",none: descriptive live anomaly ranking
E6BA7BF6F6970,"Fay Servicing, LLC",2026-09-01,nonbank_servicer,nonbank_servicer,97,-0.2727492166395108,"[{""component"": ""self_history"", ""label"": ""Complaint count versus own history"", ""peer_z"": -1.188379992924278, ""contribution"": -0.2376759985848556}, {""component"": ""issue_mix"", ""label"": ""Change in complaint issue mix"", ""peer_z"": -0.3882521980470165, ""contribution"": -0.0776504396094033}, {""component"": ""acceleration"", ""label"": ""Acceleration in complaint growth"", ""peer_z"": 0.2432464032165061, ""contribution"": 0.04864928064330122}]",none: descriptive live anomaly ranking
ECD481168E289,Statebridge Company,2026-09-01,nonbank_servicer,nonbank_servicer,98,-0.277972336038441,"[{""component"": ""acceleration"", ""label"": ""Acceleration in complaint growth"", ""peer_z"": -1.6202817246591905, ""contribution"": -0.3240563449318381}, {""component"": ""severity"", ""label"": ""Share of high-severity complaints"", ""peer_z"": 1.2337755246046915, ""contribution"": 0.2467551049209383}, {""component"": ""self_history"", ""label"": ""Complaint count versus own history"", ""peer_z"": -0.698177297609403, ""contribution"": -0.13963545952188058}]",none: descriptive live anomaly ranking
E922B5325334F,PROVIDENT FUNDING ASSOCIATES,2026-09-01,nonbank_originator,nonbank_originator,99,-0.2831661025046088,"[{""component"": ""issue_mix"", ""label"": ""Change in complaint issue mix"", ""peer_z"": 1.8915257136215098, ""contribution"": 0.315254285603585}, {""component"": ""acceleration"", ""label"": ""Acceleration in complaint growth"", ""peer_z"": -1.7072859878939954, ""contribution"": -0.2845476646489992}, {""component"": ""self_history"", ""label"": ""Complaint count versus own history"", ""peer_z"": -0.8034039082368468, ""contribution"": -0.1339006513728078}]",none: descriptive live anomaly ranking
E9C236160D8B5,BANKUNITED INC,2026-09-01,bank,bank,100,-0.289293246536216,"[{""component"": ""self_history"", ""label"": ""Complaint count versus own history"", ""peer_z"": -0.8767632280391662, ""contribution"": -0.12525188971988088}, {""component"": ""normalized_rate"", ""label"": ""Complaints per available exposure"", ""peer_z"": -0.5305758464861728, ""contribution"": -0.0757965494980247}, {""component"": ""issue_mix"", ""label"": ""Change in complaint issue mix"", ""peer_z"": -0.35234465337451537, ""contribution"": -0.05033495048207363}]",none: descriptive live anomaly ranking
E1AC4ADE944DE,"Zions Bancorporation, N.A.",2026-09-01,bank,bank,101,-0.29338477891172526,"[{""component"": ""acceleration"", ""label"": ""Acceleration in complaint growth"", ""peer_z"": -1.247944248592203, ""contribution"": -0.17827774979888614}, {""component"": ""normalized_rate"", ""label"": ""Complaints per available exposure"", ""peer_z"": -0.38503032074230026, ""contribution"": -0.05500433153461432}, {""component"": ""issue_mix"", ""label"": ""Change in complaint issue mix"", ""peer_z"": -0.35234465337451537, ""contribution"": -0.05033495048207363}]",none: descriptive live anomaly ranking
EC6692485BEB4,CITIZENS FINANCIAL GROUP INC,2026-09-01,bank,bank,102,-0.29474152470722315,"[{""component"": ""issue_mix"", ""label"": ""Change in complaint issue mix"", ""peer_z"": -0.8803939256386913, ""contribution"": -0.12577056080552734}, {""component"": ""self_history"", ""label"": ""Complaint count versus own history"", ""peer_z"": -0.8429440550736407, ""contribution"": -0.12042057929623438}, {""component"": ""untimely"", ""label"": ""Untimely company responses"", ""peer_z"": -0.2860011862631761, ""contribution"": -0.04085731232331087}]",none: descriptive live anomaly ranking
E2ADFA9D6F7D0,TORONTO-DOMINION BANK THE,2026-09-01,bank,bank,103,-0.30285063280649827,"[{""component"": ""severity"", ""label"": ""Share of high-severity complaints"", ""peer_z"": -0.5887988428313919, ""contribution"": -0.08411412040448456}, {""component"": ""issue_mix"", ""label"": ""Change in complaint issue mix"", ""peer_z"": -0.5194296491679449, ""contribution"": -0.07420423559542069}, {""component"": ""financial_stress"", ""label"": ""Bank financial stress"", ""peer_z"": -0.41034617982311655, ""contribution"": -0.05862088283187379}]",none: descriptive live anomaly ranking
E973A2572465F,"CMG Financial Services, Inc.",2026-09-01,nonbank_originator,nonbank_originator,104,-0.3079081737656454,"[{""component"": ""issue_mix"", ""label"": ""Change in complaint issue mix"", ""peer_z"": -0.8397125566818046, ""contribution"": -0.1679425113363609}, {""component"": ""self_history"", ""label"": ""Complaint count versus own history"", ""peer_z"": 0.7996142743028949, ""contribution"": 0.15992285486057897}, {""component"": ""acceleration"", ""label"": ""Acceleration in complaint growth"", ""peer_z"": -0.6167739263796574, ""contribution"": -0.1233547852759315}]",none: descriptive live anomaly ranking
E9BB41D032619,"IMPAC MORTGAGE HOLDINGS, INC.",2026-09-01,nonbank_originator,nonbank_originator,105,-0.312181190081445,"[{""component"": ""self_history"", ""label"": ""Complaint count versus own history"", ""peer_z"": -1.1759379402476124, ""contribution"": -0.19598965670793542}, {""component"": ""issue_mix"", ""label"": ""Change in complaint issue mix"", ""peer_z"": -0.41206514985675535, ""contribution"": -0.06867752497612589}, {""component"": ""acceleration"", ""label"": ""Acceleration in complaint growth"", ""peer_z"": 0.3785848319864933, ""contribution"": 0.06309747199774889}]",none: descriptive live anomaly ranking
EB2B27823D171,"Caliber Home Loans, Inc.",2026-09-01,nonbank_originator,nonbank_originator,106,-0.3470296875610379,"[{""component"": ""self_history"", ""label"": ""Complaint count versus own history"", ""peer_z"": -1.3850289251251697, ""contribution"": -0.2308381541875283}, {""component"": ""issue_mix"", ""label"": ""Change in complaint issue mix"", ""peer_z"": -0.41206514985675535, ""contribution"": -0.06867752497612589}, {""component"": ""acceleration"", ""label"": ""Acceleration in complaint growth"", ""peer_z"": 0.3785848319864933, ""contribution"": 0.06309747199774889}]",none: descriptive live anomaly ranking
E72FB15867991,AMERISAVE MORTGAGE CORPORATION,2026-09-01,nonbank_originator,nonbank_originator,107,-0.35167872795023775,"[{""component"": ""severity"", ""label"": ""Share of high-severity complaints"", ""peer_z"": -1.0936447742976803, ""contribution"": -0.18227412904961338}, {""component"": ""acceleration"", ""label"": ""Acceleration in complaint growth"", ""peer_z"": -0.761310778112652, ""contribution"": -0.126885129685442}, {""component"": ""untimely"", ""label"": ""Untimely company responses"", ""peer_z"": 0.6402983295263157, ""contribution"": 0.10671638825438595}]",none: descriptive live anomaly ranking
EC4B8C9B8E722,REGIONS FINANCIAL CORP,2026-09-01,bank,bank,108,-0.3533498787512573,"[{""component"": ""issue_mix"", ""label"": ""Change in complaint issue mix"", ""peer_z"": -0.7117574018559356, ""contribution"": -0.10167962883656223}, {""component"": ""severity"", ""label"": ""Share of high-severity complaints"", ""peer_z"": -0.6011851711219148, ""contribution"": -0.08588359587455927}, {""component"": ""acceleration"", ""label"": ""Acceleration in complaint growth"", ""peer_z"": -0.44018719248941984, ""contribution"": -0.06288388464134569}]",none: descriptive live anomaly ranking
EAC8B1082E172,RoundPoint Mortgage Servicing LLC,2026-09-01,nonbank_servicer,nonbank_servicer,109,-0.3589335769951718,"[{""component"": ""severity"", ""label"": ""Share of high-severity complaints"", ""peer_z"": -1.2470491372196646, ""contribution"": -0.24940982744393292}, {""component"": ""issue_mix"", ""label"": ""Change in complaint issue mix"", ""peer_z"": -0.2700176969103034, ""contribution"": -0.054003539382060685}, {""component"": ""acceleration"", ""label"": ""Acceleration in complaint growth"", ""peer_z"": -0.193419303436396, ""contribution"": -0.0386838606872792}]",none: descriptive live anomaly ranking
EB2869CB18595,FIRST BCORP,2026-09-01,bank,bank,110,-0.35959669086057894,"[{""component"": ""acceleration"", ""label"": ""Acceleration in complaint growth"", ""peer_z"": -1.060249901481448, ""contribution"": -0.15146427164020684}, {""component"": ""severity"", ""label"": ""Share of high-severity complaints"", ""peer_z"": -1.0195555275777026, ""contribution"": -0.14565078965395753}, {""component"": ""self_history"", ""label"": ""Complaint count versus own history"", ""peer_z"": -0.983850825395079, ""contribution"": -0.1405501179135827}]",none: descriptive live anomaly ranking
E2C85F0E46692,AMERICAN ADVISORS GROUP,2026-09-01,nonbank_originator,nonbank_originator,111,-0.37198001617736437,"[{""component"": ""self_history"", ""label"": ""Complaint count versus own history"", ""peer_z"": -1.4280694888372778, ""contribution"": -0.28561389776745555}, {""component"": ""issue_mix"", ""label"": ""Change in complaint issue mix"", ""peer_z"": -0.41206514985675535, ""contribution"": -0.08241302997135107}, {""component"": ""acceleration"", ""label"": ""Acceleration in complaint growth"", ""peer_z"": 0.3785848319864933, ""contribution"": 0.07571696639729866}]",none: descriptive live anomaly ranking
E7D4C027DB2B7,ARVEST BANK GROUP INC,2026-09-01,bank,bank,112,-0.3772786708274431,"[{""component"": ""acceleration"", ""label"": ""Acceleration in complaint growth"", ""peer_z"": -1.563651178852765, ""contribution"": -0.22337873983610929}, {""component"": ""severity"", ""label"": ""Share of high-severity complaints"", ""peer_z"": -0.8829741397313113, ""contribution"": -0.12613916281875875}, {""component"": ""self_history"", ""label"": ""Complaint count versus own history"", ""peer_z"": -0.8453990151153666, ""contribution"": -0.1207712878736238}]",none: descriptive live anomaly ranking
EA0E967627A26,BANK OF MONTREAL,2026-09-01,bank,bank,113,-0.38510692683094405,"[{""component"": ""financial_stress"", ""label"": ""Bank financial stress"", ""peer_z"": -0.8424920561979214, ""contribution"": -0.1203560080282745}, {""component"": ""issue_mix"", ""label"": ""Change in complaint issue mix"", ""peer_z"": -0.6368103600673913, ""contribution"": -0.0909729085810559}, {""component"": ""severity"", ""label"": ""Share of high-severity complaints"", ""peer_z"": -0.5091724466780303, ""contribution"": -0.07273892095400433}]",none: descriptive live anomaly ranking
E55D8798567B8,Finance of America Holdings LLC,2026-09-01,nonbank_originator,nonbank_originator,114,-0.4049559166318236,"[{""component"": ""self_history"", ""label"": ""Complaint count versus own history"", ""peer_z"": -0.7997425966461998, ""contribution"": -0.15994851932923998}, {""component"": ""issue_mix"", ""label"": ""Change in complaint issue mix"", ""peer_z"": -0.5750497485649971, ""contribution"": -0.11500994971299942}, {""component"": ""untimely"", ""label"": ""Untimely company responses"", ""peer_z"": -0.3370168988974754, ""contribution"": -0.06740337977949508}]",none: descriptive live anomaly ranking
E0FE83038482A,Franklin Credit Management Corporation,2026-09-01,nonbank_servicer,nonbank_servicer,115,-0.41894261346773226,"[{""component"": ""self_history"", ""label"": ""Complaint count versus own history"", ""peer_z"": -0.8116090419378971, ""contribution"": -0.16232180838757942}, {""component"": ""acceleration"", ""label"": ""Acceleration in complaint growth"", ""peer_z"": -0.7777132209089452, ""contribution"": -0.15554264418178904}, {""component"": ""issue_mix"", ""label"": ""Change in complaint issue mix"", ""peer_z"": -0.21523493591570222, ""contribution"": -0.04304698718314044}]",none: descriptive live anomaly ranking
E4907A144AE57,"CARDINAL FINANCIAL COMPANY, LIMITED PARTNERSHIP",2026-09-01,nonbank_originator,nonbank_originator,116,-0.4274492005676031,"[{""component"": ""self_history"", ""label"": ""Complaint count versus own history"", ""peer_z"": -1.9901017436025474, ""contribution"": -0.3316836239337579}, {""component"": ""issue_mix"", ""label"": ""Change in complaint issue mix"", ""peer_z"": 1.2465512160437333, ""contribution"": 0.20775853600728889}, {""component"": ""acceleration"", ""label"": ""Acceleration in complaint growth"", ""peer_z"": -0.7172659572880411, ""contribution"": -0.11954432621467352}]",none: descriptive live anomaly ranking
E9ABB3C040AA1,"Paramount GR Holdings, LLC",2026-09-01,nonbank_originator,nonbank_originator,117,-0.427628938342118,"[{""component"": ""acceleration"", ""label"": ""Acceleration in complaint growth"", ""peer_z"": -1.0814145022386363, ""contribution"": -0.21628290044772727}, {""component"": ""severity"", ""label"": ""Share of high-severity complaints"", ""peer_z"": -1.046014704886171, ""contribution"": -0.2092029409772342}, {""component"": ""issue_mix"", ""label"": ""Change in complaint issue mix"", ""peer_z"": -0.9641372640983908, ""contribution"": -0.19282745281967817}]",none: descriptive live anomaly ranking
ED9E334BCFE15,"BSI Financial Holdings, Inc.",2026-09-01,nonbank_servicer,nonbank_servicer,118,-0.42949913992303285,"[{""component"": ""severity"", ""label"": ""Share of high-severity complaints"", ""peer_z"": -0.9592665419276709, ""contribution"": -0.1918533083855342}, {""component"": ""acceleration"", ""label"": ""Acceleration in complaint growth"", ""peer_z"": -0.46283349721761075, ""contribution"": -0.09256669944352215}, {""component"": ""self_history"", ""label"": ""Complaint count versus own history"", ""peer_z"": -0.28577416845722214, ""contribution"": -0.05715483369144443}]",none: descriptive live anomaly ranking
E5AD7D28D6C06,Union Home Mortgage Corp,2026-09-01,nonbank_originator,nonbank_originator,119,-0.45422602475176954,"[{""component"": ""acceleration"", ""label"": ""Acceleration in complaint growth"", ""peer_z"": -1.9669128187469114, ""contribution"": -0.32781880312448525}, {""component"": ""self_history"", ""label"": ""Complaint count versus own history"", ""peer_z"": -1.3832619664534844, ""contribution"": -0.23054366107558075}, {""component"": ""severity"", ""label"": ""Share of high-severity complaints"", ""peer_z"": 0.6344000064330043, ""contribution"": 0.10573333440550071}]",none: descriptive live anomaly ranking
E31BF475DBBDE,"Lennar Financial Services, LLC",2026-09-01,nonbank_originator,nonbank_originator,120,-0.4900016989726813,"[{""component"": ""severity"", ""label"": ""Share of high-severity complaints"", ""peer_z"": -1.625980844191019, ""contribution"": -0.3251961688382038}, {""component"": ""acceleration"", ""label"": ""Acceleration in complaint growth"", ""peer_z"": -0.9095430928690389, ""contribution"": -0.18190861857380777}, {""component"": ""self_history"", ""label"": ""Complaint count versus own history"", ""peer_z"": 0.8662337508370066, ""contribution"": 0.17324675016740132}]",none: descriptive live anomaly ranking
EBA75D3B76656,CAPITAL ONE FINANCIAL CORP,2026-09-01,bank,bank,121,-0.49329043158917874,"[{""component"": ""acceleration"", ""label"": ""Acceleration in complaint growth"", ""peer_z"": -1.9797043355586972, ""contribution"": -0.2828149050798139}, {""component"": ""severity"", ""label"": ""Share of high-severity complaints"", ""peer_z"": -1.4292996911168763, ""contribution"": -0.20418567015955374}, {""component"": ""issue_mix"", ""label"": ""Change in complaint issue mix"", ""peer_z"": 0.8703454541686004, ""contribution"": 0.12433506488122863}]",none: descriptive live anomaly ranking
E3E99D69D853D,Fairway Independent Mortgage Corporation,2026-09-01,nonbank_originator,nonbank_originator,122,-0.5033725925228825,"[{""component"": ""self_history"", ""label"": ""Complaint count versus own history"", ""peer_z"": -1.278452521708658, ""contribution"": -0.21307542028477633}, {""component"": ""severity"", ""label"": ""Share of high-severity complaints"", ""peer_z"": -0.6127066697733535, ""contribution"": -0.10211777829555892}, {""component"": ""untimely"", ""label"": ""Untimely company responses"", ""peer_z"": -0.3370168988974754, ""contribution"": -0.05616948314957923}]",none: descriptive live anomaly ranking
E6C300C66AB15,American Financial Network Inc.,2026-09-01,nonbank_originator,nonbank_originator,123,-0.617175420388643,"[{""component"": ""acceleration"", ""label"": ""Acceleration in complaint growth"", ""peer_z"": -0.8337896797033642, ""contribution"": -0.13896494661722736}, {""component"": ""severity"", ""label"": ""Share of high-severity complaints"", ""peer_z"": -0.8097322036878997, ""contribution"": -0.1349553672813166}, {""component"": ""self_history"", ""label"": ""Complaint count versus own history"", ""peer_z"": -0.7692129101953182, ""contribution"": -0.1282021516992197}]",none: descriptive live anomaly ranking
EA662D8AAC5CF,AXOS FINANCIAL INC,2026-09-01,bank,bank,124,-0.653145280693683,"[{""component"": ""severity"", ""label"": ""Share of high-severity complaints"", ""peer_z"": -1.4292996911168763, ""contribution"": -0.20418567015955374}, {""component"": ""acceleration"", ""label"": ""Acceleration in complaint growth"", ""peer_z"": -1.3985717731456373, ""contribution"": -0.1997959675922339}, {""component"": ""self_history"", ""label"": ""Complaint count versus own history"", ""peer_z"": -0.7862892386355848, ""contribution"": -0.11232703409079782}]",none: descriptive live anomaly ranking
E7BC26E9E7EDD,"Community Loan Servicing, LLC (formerly known as Bayview Loan Servicing, LLC)",2026-09-01,nonbank_servicer,nonbank_servicer,125,-0.6816971669953391,"[{""component"": ""acceleration"", ""label"": ""Acceleration in complaint growth"", ""peer_z"": -1.2980214415472968, ""contribution"": -0.25960428830945936}, {""component"": ""self_history"", ""label"": ""Complaint count versus own history"", ""peer_z"": -1.198850764809406, ""contribution"": -0.2397701529618812}, {""component"": ""severity"", ""label"": ""Share of high-severity complaints"", ""peer_z"": -0.9572142298333223, ""contribution"": -0.19144284596666444}]",none: descriptive live anomaly ranking
E1FC3BC613A71,NATIONSTAR MORTGAGE LLC,2026-09-01,nonbank_servicer,nonbank_servicer,126,-1.4067069789921658,"[{""component"": ""acceleration"", ""label"": ""Acceleration in complaint growth"", ""peer_z"": -3.4070642551962576, ""contribution"": -0.6814128510392515}, {""component"": ""self_history"", ""label"": ""Complaint count versus own history"", ""peer_z"": -2.7050061813231165, ""contribution"": -0.5410012362646233}, {""component"": ""severity"", ""label"": ""Share of high-severity complaints"", ""peer_z"": -0.4343615821801183, ""contribution"": -0.08687231643602365}]",none: descriptive live anomaly ranking
