action_id,dismissal,dismissal_date,evidence_url,rationale,source_sha256,reviewed_by,reviewed_on
1st-alliance-lending,not_documented,,https://www.consumerfinance.gov/enforcement/actions/1st-alliance-lending/,Archived summary and linked resolution documents reviewed; no full-case dismissal documented. Expiry or order termination alone does not qualify.,f1428bfc8918e7df3bd8ca9a36b7bdea0d068e3627df26f537a4b0767a89be18,Codex (individual archived summary and resolution-document review),2026-09-26
1st-alliance-lending-llc-et-al,confirmed,2025-02-28,https://www.consumerfinance.gov/enforcement/actions/1st-alliance-lending-llc-et-al/,Official summary distinguishes partial 2023 dismissals from complete dismissal of all defendants with prejudice in 2025.,9056bccc5c40125307cdad85d0bd58b1e53de065736f499de48ed4e1c0a9257d,Codex (individual archived summary and resolution-document review),2026-09-26
accelerate-mortgage-llc,not_documented,,https://www.consumerfinance.gov/enforcement/actions/accelerate-mortgage-llc/,Archived summary and linked resolution documents reviewed; no full-case dismissal documented. Expiry or order termination alone does not qualify.,aaff9ce75f67f7ad3343e36c72d8c3635947440ef051f807ed7b8a2ea1675e77,Codex (individual archived summary and resolution-document review),2026-09-26
aci-worldwide-corp-and-aci-payments-inc,not_documented,,https://www.consumerfinance.gov/enforcement/actions/aci-worldwide-corp-and-aci-payments-inc/,Archived summary and linked resolution documents reviewed; no full-case dismissal documented. Expiry or order termination alone does not qualify.,9ae33dec692a76e407da50b4460c4db9f7907e6612c240815cf5c0ffd0a8a901,Codex (individual archived summary and resolution-document review),2026-09-26
aegean-financial,not_documented,,https://www.consumerfinance.gov/enforcement/actions/aegean-financial/,Archived summary and linked resolution documents reviewed; no full-case dismissal documented. Expiry or order termination alone does not qualify.,3fda078fabe4b23d166a33162491b94722c027a1ce19b1f165f56be13537a10e,Codex (individual archived summary and resolution-document review),2026-09-26
all-financial-services,not_documented,,https://www.consumerfinance.gov/enforcement/actions/all-financial-services/,Archived summary and linked resolution documents reviewed; no full-case dismissal documented. Expiry or order termination alone does not qualify.,6c351b78cc35ab768a2dd0c11dd9fb0918ac7346d30ea4b80fe7545e81b1fede,Codex (individual archived summary and resolution-document review),2026-09-26
american-advisors-group,not_documented,,https://www.consumerfinance.gov/enforcement/actions/american-advisors-group/,Archived summary and linked resolution documents reviewed; no full-case dismissal documented. Expiry or order termination alone does not qualify.,9f078d1bc80a6eff6282885e1018d65a4801af5bd9e7c34cf1277ba320663dea,Codex (individual archived summary and resolution-document review),2026-09-26
american-advisors-group-2,not_documented,,https://www.consumerfinance.gov/enforcement/actions/american-advisors-group-2/,Archived summary and linked resolution documents reviewed; no full-case dismissal documented. Expiry or order termination alone does not qualify.,2d77897ffde003440f776946c647efbb76c9b1fe97d420a236e7fa9541fe2ede,Codex (individual archived summary and resolution-document review),2026-09-26
american-preferred,not_documented,,https://www.consumerfinance.gov/enforcement/actions/american-preferred/,Archived summary and linked resolution documents reviewed; no full-case dismissal documented. Expiry or order termination alone does not qualify.,a012d76363229690c8a8ca50a8a8eea9773f31abc6de87a309d4ba4dacf42edf,Codex (individual archived summary and resolution-document review),2026-09-26
amerisave-mortgage-novo-appraisal-patrick-markert,not_documented,,https://www.consumerfinance.gov/enforcement/actions/amerisave-mortgage-novo-appraisal-patrick-markert/,Archived summary and linked resolution documents reviewed; no full-case dismissal documented. Expiry or order termination alone does not qualify.,69cdcaedd88a6c7031d5c1cb51a57b70a961d48ecfc74a69ece1547f35c01a84,Codex (individual archived summary and resolution-document review),2026-09-26
bank-of-america-na-hmda-data-2023,not_documented,,https://www.consumerfinance.gov/enforcement/actions/bank-of-america-na-hmda-data-2023/,Archived summary and linked resolution documents reviewed; no full-case dismissal documented. Expiry or order termination alone does not qualify.,69fe5793b64331166d29e2986b184d23dc4af55aa2bcbb7e382f657ab0c4445a,Codex (individual archived summary and resolution-document review),2026-09-26
borders-and-borders-plc-harry-borders-john-borders-jr-j-david-borders,unknown,,https://www.consumerfinance.gov/enforcement/actions/borders-and-borders-plc-harry-borders-john-borders-jr-j-david-borders/,Archived summary and linked resolution documents reviewed; no full-case dismissal documented. Expiry or order termination alone does not qualify.,3337d2b18a70d375ce132855d0c07b7574117bba37b92de529f6c5e7e9de4874,Codex (individual archived summary and resolution-document review),2026-09-26
carrington-mortgage-services-llc,not_documented,,https://www.consumerfinance.gov/enforcement/actions/carrington-mortgage-services-llc/,Archived summary and linked resolution documents reviewed; no full-case dismissal documented. Expiry or order termination alone does not qualify.,bddc25e3295256f43bc20ad100b41b86c90fd55c58ec83ce7bf7e7a7282e8dce,Codex (individual archived summary and resolution-document review),2026-09-26
castle-cooke-mortgage,not_documented,,https://www.consumerfinance.gov/enforcement/actions/castle-cooke-mortgage/,Archived summary and linked resolution documents reviewed; no full-case dismissal documented. Expiry or order termination alone does not qualify.,4b93d812db026b24c6195f9b7cf49b3dec33ef6f913c398215a3beb4175cbb5c,Codex (individual archived summary and resolution-document review),2026-09-26
certified-forensic-loan-auditors-llc-andrew-lehman-michael-carrigan,not_documented,,https://www.consumerfinance.gov/enforcement/actions/certified-forensic-loan-auditors-llc-andrew-lehman-michael-carrigan/,Archived summary and linked resolution documents reviewed; no full-case dismissal documented. Expiry or order termination alone does not qualify.,66c8414acaeb664cc1fbac42a37bd7d4256b3964b703fb5b3b07ec6fb4e3fa9a,Codex (individual archived summary and resolution-document review),2026-09-26
chance-edward-gordon-dba-gordon-associates,not_documented,,https://www.consumerfinance.gov/enforcement/actions/chance-edward-gordon-dba-gordon-associates/,Archived summary and linked resolution documents reviewed; no full-case dismissal documented. Expiry or order termination alone does not qualify.,0ed9ebbc8e81015c87df5fea55be02fda4d870cb09f248c2f63e1807ac6ece2c,Codex (individual archived summary and resolution-document review),2026-09-26
citifinancial-servicing-llc-de-citifinancial-company-de-citifinancial-services-inc-mn-and-citifinancial-inc-wv,not_documented,,https://www.consumerfinance.gov/enforcement/actions/citifinancial-servicing-llc-de-citifinancial-company-de-citifinancial-services-inc-mn-and-citifinancial-inc-wv/,Archived summary and linked resolution documents reviewed; no full-case dismissal documented. Expiry or order termination alone does not qualify.,20f097c1867d9d49c4fe9e1a2aa79fd2d3f414033de52c8427c749d463e6a275,Codex (individual archived summary and resolution-document review),2026-09-26
citimortgage-inc,not_documented,,https://www.consumerfinance.gov/enforcement/actions/citimortgage-inc/,Archived summary and linked resolution documents reviewed; no full-case dismissal documented. Expiry or order termination alone does not qualify.,3523da2b8443595ea44abba501900ab8c1217b5012bc0d4ea19ab4bbdc6fa1bb,Codex (individual archived summary and resolution-document review),2026-09-26
clearpath-lending-inc,not_documented,,https://www.consumerfinance.gov/enforcement/actions/clearpath-lending-inc/,Archived summary and linked resolution documents reviewed; no full-case dismissal documented. Expiry or order termination alone does not qualify.,4356f414ea89acfc0aa55ce2f18a905f6d397a6e5b4c1f06a4719f37f849d574,Codex (individual archived summary and resolution-document review),2026-09-26
colony-ridge,confirmed,2026-02-10,https://www.consumerfinance.gov/enforcement/actions/colony-ridge/,Official summary explicitly says Bureau claims dismissed with prejudice in 2026; retrospective later-dismissal sensitivity only.,5337882a54c2bfe9b0b94301c3251a66e54ca3fe90e89ad6f50db4ab51c8367f,Codex (individual archived summary and resolution-document review),2026-09-26
david-eghbali,not_documented,,https://www.consumerfinance.gov/enforcement/actions/david-eghbali/,Archived summary and linked resolution documents reviewed; no full-case dismissal documented. Expiry or order termination alone does not qualify.,475a3209d203fb3a931210c6ca3f2e29e9e657b55f365c4a5da60889ed41ebd8,Codex (individual archived summary and resolution-document review),2026-09-26
draper-kramer-mortgage-corporation,not_documented,,https://www.consumerfinance.gov/enforcement/actions/draper-kramer-mortgage-corporation/,Archived summary and linked resolution documents reviewed; no full-case dismissal documented. Expiry or order termination alone does not qualify.,482b7bf61eceb15120538f8470d387392bd0c94e8d666bdc623f8e269fb05e38,Codex (individual archived summary and resolution-document review),2026-09-26
fairway-independent-mortgage-corporation,not_documented,,https://www.consumerfinance.gov/enforcement/actions/fairway-independent-mortgage-corporation/,Archived summary and linked resolution documents reviewed; no full-case dismissal documented. Expiry or order termination alone does not qualify.,32ece9ceabe2949c66be59a5be73a972929d037132e4cfeb4e704b0da08cf018,Codex (individual archived summary and resolution-document review),2026-09-26
fay-servicing-llc,not_documented,,https://www.consumerfinance.gov/enforcement/actions/fay-servicing-llc/,Archived summary and linked resolution documents reviewed; no full-case dismissal documented. Expiry or order termination alone does not qualify.,1867ae892a586d67b8e46545d4f923a110013ced16c02c5cfdc54e5ee0ce4ee8,Codex (individual archived summary and resolution-document review),2026-09-26
fay-servicing-llc-2024,not_documented,,https://www.consumerfinance.gov/enforcement/actions/fay-servicing-llc-2024/,Archived summary and linked resolution documents reviewed; no full-case dismissal documented. Expiry or order termination alone does not qualify.,a207fedcc6ad153760bc52da65f0136c05a440077b138e1d20fc11f8e4511d11,Codex (individual archived summary and resolution-document review),2026-09-26
fidelity-mortgage-corporation-mark-figert,not_documented,,https://www.consumerfinance.gov/enforcement/actions/fidelity-mortgage-corporation-mark-figert/,Archived summary and linked resolution documents reviewed; no full-case dismissal documented. Expiry or order termination alone does not qualify.,444262afa9218bcf12cdf040405af27c30b2e199e8d94cc1a0b88f95e4d1bce7,Codex (individual archived summary and resolution-document review),2026-09-26
flagship-financial,not_documented,,https://www.consumerfinance.gov/enforcement/actions/flagship-financial/,Archived summary and linked resolution documents reviewed; no full-case dismissal documented. Expiry or order termination alone does not qualify.,7fb2d17e3eb15c395490e435e6e7cf3f69dbb1f9d4543814fbf8831cd9eca0d9,Codex (individual archived summary and resolution-document review),2026-09-26
flagstar,not_documented,,https://www.consumerfinance.gov/enforcement/actions/flagstar/,Archived summary and linked resolution documents reviewed; no full-case dismissal documented. Expiry or order termination alone does not qualify.,976e5352564f16c5dfbba4a7e170d9ca5547c9351b094063e2eac514f95488d8,Codex (individual archived summary and resolution-document review),2026-09-26
franklin-loan-corporation,not_documented,,https://www.consumerfinance.gov/enforcement/actions/franklin-loan-corporation/,Archived summary and linked resolution documents reviewed; no full-case dismissal documented. Expiry or order termination alone does not qualify.,d4ce16f2c6b488063906f83a203e27eaa6ea41d87c0b9fbfaa41ab71a09205ed,Codex (individual archived summary and resolution-document review),2026-09-26
freedom-mortgage-corporation,not_documented,,https://www.consumerfinance.gov/enforcement/actions/freedom-mortgage-corporation/,Archived summary and linked resolution documents reviewed; no full-case dismissal documented. Expiry or order termination alone does not qualify.,2fa5b41ba92246e929a65c0cc011a6312ddf54bb2dac4ab6628dafe4dae79375,Codex (individual archived summary and resolution-document review),2026-09-26
freedom-mortgage-corporation-2023-respa,not_documented,,https://www.consumerfinance.gov/enforcement/actions/freedom-mortgage-corporation-2023-respa/,Archived summary and linked resolution documents reviewed; no full-case dismissal documented. Expiry or order termination alone does not qualify.,0f7a4b1baf81598e1862e05f742920891bcc51c8f5beb9a0f59677228a1cfab8,Codex (individual archived summary and resolution-document review),2026-09-26
freedom-mortgage-corporation-hmda-2023,not_documented,,https://www.consumerfinance.gov/enforcement/actions/freedom-mortgage-corporation-hmda-2023/,Archived summary and linked resolution documents reviewed; no full-case dismissal documented. Expiry or order termination alone does not qualify.,970571d16184fd1323fee26908ab6d50b2c9484a3fabb32312ea0ab1a29f4081,Codex (individual archived summary and resolution-document review),2026-09-26
genuine-title,not_documented,,https://www.consumerfinance.gov/enforcement/actions/genuine-title/,Archived summary and linked resolution documents reviewed; no full-case dismissal documented. Expiry or order termination alone does not qualify.,1c2dcedf443c9162339fc8d82f671d3fdaab7754d2a2aae4e077cf2d4f4c0374,Codex (individual archived summary and resolution-document review),2026-09-26
genuine-title-2,not_documented,,https://www.consumerfinance.gov/enforcement/actions/genuine-title-2/,Archived summary and linked resolution documents reviewed; no full-case dismissal documented. Expiry or order termination alone does not qualify.,70cbd67dde9e7d49aa30e8d780900d9fa7ead21b110593cb26ab4d504e05d58c,Codex (individual archived summary and resolution-document review),2026-09-26
genuine-title-jp-morgan,not_documented,,https://www.consumerfinance.gov/enforcement/actions/genuine-title-jp-morgan/,Archived summary and linked resolution documents reviewed; no full-case dismissal documented. Expiry or order termination alone does not qualify.,a909605b78055de00374333b09aefad013a40713b5e1fbd11abdca09fb1e4159,Codex (individual archived summary and resolution-document review),2026-09-26
genuine-title-wells-fargo,not_documented,,https://www.consumerfinance.gov/enforcement/actions/genuine-title-wells-fargo/,Archived summary and linked resolution documents reviewed; no full-case dismissal documented. Expiry or order termination alone does not qualify.,25c2d970f310cb006c820ca104fbaef5ed5331f916f01dd1e95beaf2520f2711,Codex (individual archived summary and resolution-document review),2026-09-26
genworth-mortgage-insurance-corporation,not_documented,,https://www.consumerfinance.gov/enforcement/actions/genworth-mortgage-insurance-corporation/,Archived summary and linked resolution documents reviewed; no full-case dismissal documented. Expiry or order termination alone does not qualify.,3fc7f8675efa020eba213fe5745ecfb5eb4a079c8e3cd85dd9989ab0bc7a0e68,Codex (individual archived summary and resolution-document review),2026-09-26
go-direct-lenders-inc,not_documented,,https://www.consumerfinance.gov/enforcement/actions/go-direct-lenders-inc/,Archived summary and linked resolution documents reviewed; no full-case dismissal documented. Expiry or order termination alone does not qualify.,583bb81a0cdab8275c07df113c588a93000e49ebccfb9d3fc383b6e14f2a7f62,Codex (individual archived summary and resolution-document review),2026-09-26
green-tree-servicing-llc,not_documented,,https://www.consumerfinance.gov/enforcement/actions/green-tree-servicing-llc/,Archived summary and linked resolution documents reviewed; no full-case dismissal documented. Expiry or order termination alone does not qualify.,9f0afe030a4ba270dfc491d1112d390b1b6a0e74a5f8c2aea446c4d4bfedf133,Codex (individual archived summary and resolution-document review),2026-09-26
guarantee-mortgage,not_documented,,https://www.consumerfinance.gov/enforcement/actions/guarantee-mortgage/,Archived summary and linked resolution documents reviewed; no full-case dismissal documented. Expiry or order termination alone does not qualify.,b8bac6335a4c35331e8cd3564ac2d6dabfcb12be94a351a520fa1df6a7fbb511,Codex (individual archived summary and resolution-document review),2026-09-26
harbour-portfolio-advisors-llc-et-al,not_documented,,https://www.consumerfinance.gov/enforcement/actions/harbour-portfolio-advisors-llc-et-al/,Archived summary and linked resolution documents reviewed; no full-case dismissal documented. Expiry or order termination alone does not qualify.,bd28340e4e38fcadd55c57083199a698a03535ade9e6ebed95cb572cf8b62a83,Codex (individual archived summary and resolution-document review),2026-09-26
hudson-city-savings-bank-fsb,not_documented,,https://www.consumerfinance.gov/enforcement/actions/hudson-city-savings-bank-fsb/,Archived summary and linked resolution documents reviewed; no full-case dismissal documented. Expiry or order termination alone does not qualify.,bc3796647b4ae1f47f20445a071f1b58298c6b62544440bcaa3817b23e26b875,Codex (individual archived summary and resolution-document review),2026-09-26
hypotec-inc,not_documented,,https://www.consumerfinance.gov/enforcement/actions/hypotec-inc/,Archived summary and linked resolution documents reviewed; no full-case dismissal documented. Expiry or order termination alone does not qualify.,eaaf2ba0970db282b1a1a1617b5753dd7f414357533dd315ba9b21b9006c3f8c,Codex (individual archived summary and resolution-document review),2026-09-26
jrhbw-realty-inc-dba-realtysouth-titlesouth-llc,not_documented,,https://www.consumerfinance.gov/enforcement/actions/jrhbw-realty-inc-dba-realtysouth-titlesouth-llc/,Archived summary and linked resolution documents reviewed; no full-case dismissal documented. Expiry or order termination alone does not qualify.,924afd6d7bb1113f6d8e1c335f9fec8bfe34a90a74ac0493be8fa5f270eb9459,Codex (individual archived summary and resolution-document review),2026-09-26
lighthouse-title,not_documented,,https://www.consumerfinance.gov/enforcement/actions/lighthouse-title/,Archived summary and linked resolution documents reviewed; no full-case dismissal documented. Expiry or order termination alone does not qualify.,46d5432076495dd196ed801f466da2937b4adc4c2ee36365f2f196339bf08e20,Codex (individual archived summary and resolution-document review),2026-09-26
loancare-servicing,not_documented,,https://www.consumerfinance.gov/enforcement/actions/loancare-servicing/,Archived summary and linked resolution documents reviewed; no full-case dismissal documented. Expiry or order termination alone does not qualify.,e31848d8ba39fe12107d14a665aec8761822746367c32130120219a5374dadcb,Codex (individual archived summary and resolution-document review),2026-09-26
low-va-rates-llc,not_documented,,https://www.consumerfinance.gov/enforcement/actions/low-va-rates-llc/,Archived summary and linked resolution documents reviewed; no full-case dismissal documented. Expiry or order termination alone does not qualify.,8b0c9a2a0f314274a093f8846781b14510afb733f5f801b088bcb0be4e2105f7,Codex (individual archived summary and resolution-document review),2026-09-26
meridian-title-corporation,not_documented,,https://www.consumerfinance.gov/enforcement/actions/meridian-title-corporation/,Archived summary and linked resolution documents reviewed; no full-case dismissal documented. Expiry or order termination alone does not qualify.,9bc46cbec0692b749d865bf8ca5bfd70b4355e7282ebc5a5f674599e13f9ace4,Codex (individual archived summary and resolution-document review),2026-09-26
mortgage-guaranty-insurance-corporation,not_documented,,https://www.consumerfinance.gov/enforcement/actions/mortgage-guaranty-insurance-corporation/,Archived summary and linked resolution documents reviewed; no full-case dismissal documented. Expiry or order termination alone does not qualify.,1a366dae6501fe841ebe1503fbe87d002340eab943ad342034a079f722684c12,Codex (individual archived summary and resolution-document review),2026-09-26
mortgage-master-inc,not_documented,,https://www.consumerfinance.gov/enforcement/actions/mortgage-master-inc/,Archived summary and linked resolution documents reviewed; no full-case dismissal documented. Expiry or order termination alone does not qualify.,c65ef0d93fda15bfa01a2eb924e70ac032e7e9d89649368c4db908f036211412,Codex (individual archived summary and resolution-document review),2026-09-26
national-city-bank-natcity-through-successor-in-interest-pnc,not_documented,,https://www.consumerfinance.gov/enforcement/actions/national-city-bank-natcity-through-successor-in-interest-pnc/,Archived summary and linked resolution documents reviewed; no full-case dismissal documented. Expiry or order termination alone does not qualify.,def38230f017d928b194747c360c800900770e4ce0d253375aa9f5e768d2ce7a,Codex (individual archived summary and resolution-document review),2026-09-26
national-legal-help-center,not_documented,,https://www.consumerfinance.gov/enforcement/actions/national-legal-help-center/,Archived summary and linked resolution documents reviewed; no full-case dismissal documented. Expiry or order termination alone does not qualify.,107a4f7942236b4c29cce71481a1674aaad50e2e04fefdb8acbb48cce87a836c,Codex (individual archived summary and resolution-document review),2026-09-26
nationstar-mortgage-llc,not_documented,,https://www.consumerfinance.gov/enforcement/actions/nationstar-mortgage-llc/,Archived summary and linked resolution documents reviewed; no full-case dismissal documented. Expiry or order termination alone does not qualify.,61e47e676ba41047c63d56b4ea48c7d97165aec148880c4123ae8263821df1a5,Codex (individual archived summary and resolution-document review),2026-09-26
nationstar-mortgage-llc-dba-mr-cooper,not_documented,,https://www.consumerfinance.gov/enforcement/actions/nationstar-mortgage-llc-dba-mr-cooper/,Archived summary and linked resolution documents reviewed; no full-case dismissal documented. Expiry or order termination alone does not qualify.,894721c02392d32d1a7a80e929c171394ebfecc5055f5a4979ed90f525b79aa9,Codex (individual archived summary and resolution-document review),2026-09-26
nationwide-biweekly-administration,not_documented,,https://www.consumerfinance.gov/enforcement/actions/nationwide-biweekly-administration/,Archived summary and linked resolution documents reviewed; no full-case dismissal documented. Expiry or order termination alone does not qualify.,3f508c3566813782d202d0dac214d91a6226984a802f21c63dbab8576c98290c,Codex (individual archived summary and resolution-document review),2026-09-26
nationwide-equities-corporation,not_documented,,https://www.consumerfinance.gov/enforcement/actions/nationwide-equities-corporation/,Archived summary and linked resolution documents reviewed; no full-case dismissal documented. Expiry or order termination alone does not qualify.,6275303945022fd96898f478868147f35283901e2bca3b3bb3777a75fe6bb255,Codex (individual archived summary and resolution-document review),2026-09-26
new-day-financial,not_documented,,https://www.consumerfinance.gov/enforcement/actions/new-day-financial/,Archived summary and linked resolution documents reviewed; no full-case dismissal documented. Expiry or order termination alone does not qualify.,d6ec7883357be734c2c476a5a33f4a25254955110225b2cf421a735a9f167ad9,Codex (individual archived summary and resolution-document review),2026-09-26
new-day-financial-2024,not_documented,,https://www.consumerfinance.gov/enforcement/actions/new-day-financial-2024/,Archived summary and linked resolution documents reviewed; no full-case dismissal documented. Expiry or order termination alone does not qualify.,b9c90eb3f7735caa5c799b6dbc0546fdabc33ce0fca4a409f115fa1be158946f,Codex (individual archived summary and resolution-document review),2026-09-26
novad-management-consulting-llc,not_documented,,https://www.consumerfinance.gov/enforcement/actions/novad-management-consulting-llc/,Archived summary and linked resolution documents reviewed; no full-case dismissal documented. Expiry or order termination alone does not qualify.,7caa94f40167eb9efde4a4b59c48f05789d17277cae661496008b669a78942d6,Codex (individual archived summary and resolution-document review),2026-09-26
ocwen-financial-corp-and-ocwen-loan-servicing-llc,not_documented,,https://www.consumerfinance.gov/enforcement/actions/ocwen-financial-corp-and-ocwen-loan-servicing-llc/,Archived summary and linked resolution documents reviewed; no full-case dismissal documented. Expiry or order termination alone does not qualify.,4081dadade6eee40d9bd1782f29ef786e098d73d9c3de5d877d3636f853ec85b,Codex (individual archived summary and resolution-document review),2026-09-26
ocwen-financial-corporation-ocwen-mortgage-servicing-inc-and-ocwen-loan-servicing-llc,confirmed,2023-05-02,https://www.consumerfinance.gov/enforcement/actions/ocwen-financial-corporation-ocwen-mortgage-servicing-inc-and-ocwen-loan-servicing-llc/,Official summary says the district court dismissed the case granting summary judgment on remand.,6153b020f32195fab6487ebf3e1e34370135e4057fa6a2f596418062ef80afb6,Codex (individual archived summary and resolution-document review),2026-09-26
paul-taylor-paul-taylor-homes-limited-paul-taylor-corp,not_documented,,https://www.consumerfinance.gov/enforcement/actions/paul-taylor-paul-taylor-homes-limited-paul-taylor-corp/,Archived summary and linked resolution documents reviewed; no full-case dismissal documented. Expiry or order termination alone does not qualify.,a6c756864d6b9d9434dbcc5e11a14e4d6d474e3939fa07e84a090426d07f745d,Codex (individual archived summary and resolution-document review),2026-09-26
paymap,not_documented,,https://www.consumerfinance.gov/enforcement/actions/paymap/,Archived summary and linked resolution documents reviewed; no full-case dismissal documented. Expiry or order termination alone does not qualify.,e81bd593b0c4633293aacb15f9a58e1dc43045894575c4a24add7455ad4b0316,Codex (individual archived summary and resolution-document review),2026-09-26
phh-corporation,confirmed,2018-06-07,https://www.consumerfinance.gov/administrative-adjudication-proceedings/administrative-adjudication-docket/phh-corporation/,"Docket 236: order dismissing notice of charges, June 7, 2018.",66dd657f2558f210aa436531b87cd24227e789dec10884f19552e43451807ef3,Codex (individual archived summary and resolution-document review),2026-09-26
phloans,not_documented,,https://www.consumerfinance.gov/enforcement/actions/phloans/,Archived summary and linked resolution documents reviewed; no full-case dismissal documented. Expiry or order termination alone does not qualify.,7d1d27099a4112a8fde5b082eb01abd85842a7a6c8c7d6d220a42e85cd1b6a92,Codex (individual archived summary and resolution-document review),2026-09-26
planet-home-lending-llc,not_documented,,https://www.consumerfinance.gov/enforcement/actions/planet-home-lending-llc/,Archived summary and linked resolution documents reviewed; no full-case dismissal documented. Expiry or order termination alone does not qualify.,e2ce1686ec06805d1382c66b9314be4b141e5ebabfbe51dc89f07ca01fe9ee75,Codex (individual archived summary and resolution-document review),2026-09-26
prime-choice-funding-inc,not_documented,,https://www.consumerfinance.gov/enforcement/actions/prime-choice-funding-inc/,Archived summary and linked resolution documents reviewed; no full-case dismissal documented. Expiry or order termination alone does not qualify.,9d05d4a4ef8cd2b99a6d905ecd95eb6dfdfbd9b3b2857677664691dda8d94e5f,Codex (individual archived summary and resolution-document review),2026-09-26
prospect-mortgage-llc,not_documented,,https://www.consumerfinance.gov/enforcement/actions/prospect-mortgage-llc/,Archived summary and linked resolution documents reviewed; no full-case dismissal documented. Expiry or order termination alone does not qualify.,ea38e86eccc1f665a4bb7cd63b30b722f970010aac681cbc3ce3a8215e446652,Codex (individual archived summary and resolution-document review),2026-09-26
provident-funding-associates-lp,not_documented,,https://www.consumerfinance.gov/enforcement/actions/provident-funding-associates-lp/,Archived summary and linked resolution documents reviewed; no full-case dismissal documented. Expiry or order termination alone does not qualify.,03cc19adf31020911614433def2c687d06ef26a919d42cd7a3e795155b0e99a2,Codex (individual archived summary and resolution-document review),2026-09-26
radian-guaranty-inc,not_documented,,https://www.consumerfinance.gov/enforcement/actions/radian-guaranty-inc/,Archived summary and linked resolution documents reviewed; no full-case dismissal documented. Expiry or order termination alone does not qualify.,fe72eb4c9ba3de95c7ca0ca238229f029586f956fddd531893ae484266f16898,Codex (individual archived summary and resolution-document review),2026-09-26
realty-connect-usa-long-island-inc,not_documented,,https://www.consumerfinance.gov/enforcement/actions/realty-connect-usa-long-island-inc/,Archived summary and linked resolution documents reviewed; no full-case dismissal documented. Expiry or order termination alone does not qualify.,47d615ca187794f52dc8c389a27dda470dd75b25fa2a46caf19997fb0602b25c,Codex (individual archived summary and resolution-document review),2026-09-26
republic-mortgage-insurance-company,not_documented,,https://www.consumerfinance.gov/enforcement/actions/republic-mortgage-insurance-company/,Archived summary and linked resolution documents reviewed; no full-case dismissal documented. Expiry or order termination alone does not qualify.,af6c5437ccabeb4c09a69525d9fdcd0d85b760c0aa7b15bd1b8a5cf6a2f7bbe1,Codex (individual archived summary and resolution-document review),2026-09-26
residential-credit-solutions,not_documented,,https://www.consumerfinance.gov/enforcement/actions/residential-credit-solutions/,Archived summary and linked resolution documents reviewed; no full-case dismissal documented. Expiry or order termination alone does not qualify.,222138484eb99f712d12b4023e025e81ea92b4d27f951d5bf40bfd5b8b6eab4f,Codex (individual archived summary and resolution-document review),2026-09-26
residential-litigation-group-aka-hoffman-law,not_documented,,https://www.consumerfinance.gov/enforcement/actions/residential-litigation-group-aka-hoffman-law/,Archived summary and linked resolution documents reviewed; no full-case dismissal documented. Expiry or order termination alone does not qualify.,c1f03af494bd2ea95025fe6b909ed4a60a3184682a67d018e6c851932db2a8d1,Codex (individual archived summary and resolution-document review),2026-09-26
reverse-mortgage-solutions-inc-db-security-1-lending,not_documented,,https://www.consumerfinance.gov/enforcement/actions/reverse-mortgage-solutions-inc-db-security-1-lending/,Archived summary and linked resolution documents reviewed; no full-case dismissal documented. Expiry or order termination alone does not qualify.,5a177538a06101ec092895f587e84cf365e1a16c99743a64de871e30b6ccbc67,Codex (individual archived summary and resolution-document review),2026-09-26
rgc-services-inc-dba-remax-gold-coast-realtors,not_documented,,https://www.consumerfinance.gov/enforcement/actions/rgc-services-inc-dba-remax-gold-coast-realtors/,Archived summary and linked resolution documents reviewed; no full-case dismissal documented. Expiry or order termination alone does not qualify.,f31e74fcadf49747555c132f99b6017e855b6b938bf92ec61e0f7fb2abb60ba7,Codex (individual archived summary and resolution-document review),2026-09-26
rmk-financial-corp-majestic-home-loan-mhl,not_documented,,https://www.consumerfinance.gov/enforcement/actions/rmk-financial-corp-majestic-home-loan-mhl/,Archived summary and linked resolution documents reviewed; no full-case dismissal documented. Expiry or order termination alone does not qualify.,0745d51017299f28c5a94a96100f065724dd04eb446b760b9babbb16b6fee26d,Codex (individual archived summary and resolution-document review),2026-09-26
rmk-financial-corporation,not_documented,,https://www.consumerfinance.gov/enforcement/actions/rmk-financial-corporation/,Archived summary and linked resolution documents reviewed; no full-case dismissal documented. Expiry or order termination alone does not qualify.,e0a5d683213633d220c07ddbc782f2a9a99f19b2aada3c56207fc9140ba64a5d,Codex (individual archived summary and resolution-document review),2026-09-26
rocket-homes-real-estate-llc-et-al,confirmed,2025-02-28,https://www.consumerfinance.gov/enforcement/actions/rocket-homes-real-estate-llc-et-al/,Official summary explicitly says court dismissed case with prejudice.,a5c2c9014ccfa74a4d99c1114d27a16a2326b696a1eb7947965fd888fbe1ead2,Codex (individual archived summary and resolution-document review),2026-09-26
rpm-mortgage,not_documented,,https://www.consumerfinance.gov/enforcement/actions/rpm-mortgage/,Archived summary and linked resolution documents reviewed; no full-case dismissal documented. Expiry or order termination alone does not qualify.,70e5859c8d6f1a7836baa8510880157075a24eca61b93f71b179d3b018c1872b,Codex (individual archived summary and resolution-document review),2026-09-26
service-1st-mortgage-inc,not_documented,,https://www.consumerfinance.gov/enforcement/actions/service-1st-mortgage-inc/,Archived summary and linked resolution documents reviewed; no full-case dismissal documented. Expiry or order termination alone does not qualify.,3038f614c07c060267f722d75da3b45058301a30b02ed829595901841749b4f8,Codex (individual archived summary and resolution-document review),2026-09-26
servis-one-inc-db-bsi-financial-services,not_documented,,https://www.consumerfinance.gov/enforcement/actions/servis-one-inc-db-bsi-financial-services/,Archived summary and linked resolution documents reviewed; no full-case dismissal documented. Expiry or order termination alone does not qualify.,7a12c46c3be5c6a9c42dcfb6d0dbce5eb9e357551db45de3bf193beb2922b6ec,Codex (individual archived summary and resolution-document review),2026-09-26
seterus-inc,not_documented,,https://www.consumerfinance.gov/enforcement/actions/seterus-inc/,Archived summary and linked resolution documents reviewed; no full-case dismissal documented. Expiry or order termination alone does not qualify.,7cd19a430e8fde0b4c51942c39942b9c755cb55430c3238b1d73895d29b6da5d,Codex (individual archived summary and resolution-document review),2026-09-26
sovereign-lending-group-inc,not_documented,,https://www.consumerfinance.gov/enforcement/actions/sovereign-lending-group-inc/,Archived summary and linked resolution documents reviewed; no full-case dismissal documented. Expiry or order termination alone does not qualify.,e4200fddc5e63f6f9ef0cbf336eddb8baf720d986f5411f40274e9dc8d139524,Codex (individual archived summary and resolution-document review),2026-09-26
specialized-loan-servicing-llc,not_documented,,https://www.consumerfinance.gov/enforcement/actions/specialized-loan-servicing-llc/,Archived summary and linked resolution documents reviewed; no full-case dismissal documented. Expiry or order termination alone does not qualify.,6242f4a18bedebfc5b9f31a6244cbbf6b0785d859e350e12f459a32f97da4b03,Codex (individual archived summary and resolution-document review),2026-09-26
stephen-siringoringo-alfred-clausen-joshua-cobb-and-corporation-clausen-and-cobb-man,not_documented,,https://www.consumerfinance.gov/enforcement/actions/stephen-siringoringo-alfred-clausen-joshua-cobb-and-corporation-clausen-and-cobb-man/,Archived summary and linked resolution documents reviewed; no full-case dismissal documented. Expiry or order termination alone does not qualify.,115cf6d2409d2844316fbb06b63a885feea0d983063e55a6219f73871e7fab66,Codex (individual archived summary and resolution-document review),2026-09-26
stonebridge-title-services,not_documented,,https://www.consumerfinance.gov/enforcement/actions/stonebridge-title-services/,Archived summary and linked resolution documents reviewed; no full-case dismissal documented. Expiry or order termination alone does not qualify.,84e75aee3fad27f651d397f645c7c2913438ca96e16aa112fae797e1131cca21,Codex (individual archived summary and resolution-document review),2026-09-26
suntrust-mortgage-inc,not_documented,,https://www.consumerfinance.gov/enforcement/actions/suntrust-mortgage-inc/,Archived summary and linked resolution documents reviewed; no full-case dismissal documented. Expiry or order termination alone does not qualify.,fb3bd5f38a3f213da9432240f87a8a046eda6b20d1f3832858f5d6d3365eeb51,Codex (individual archived summary and resolution-document review),2026-09-26
sutherland-global-services-inc,not_documented,,https://www.consumerfinance.gov/enforcement/actions/sutherland-global-services-inc/,Archived summary and linked resolution documents reviewed; no full-case dismissal documented. Expiry or order termination alone does not qualify.,b6c7a40983735437ac98e736c31f71af5fd29db2bd042e1018ef63c5f91e5087,Codex (individual archived summary and resolution-document review),2026-09-26
the-mortgage-law-group-llp-et-al,not_documented,,https://www.consumerfinance.gov/enforcement/actions/the-mortgage-law-group-llp-et-al/,Archived summary and linked resolution documents reviewed; no full-case dismissal documented. Expiry or order termination alone does not qualify.,ec803cd54e5be013c1e2fd4f930735df05744e91e5589fc9d552a75aea1bc49f,Codex (individual archived summary and resolution-document review),2026-09-26
townstone-financial-inc-and-barry-sturner,not_documented,,https://www.consumerfinance.gov/enforcement/actions/townstone-financial-inc-and-barry-sturner/,Archived summary and linked resolution documents reviewed; no full-case dismissal documented. Expiry or order termination alone does not qualify.,470ed4bd679768fd853f7e0fc4c8c57aa6d2a2e18068466edb588b2c41c0230b,Codex (individual archived summary and resolution-document review),2026-09-26
trident-mortgage-company-lp,confirmed,2025-06-02,https://www.consumerfinance.gov/enforcement/actions/trident-mortgage-company-lp/,Official summary explicitly says case dismissed with prejudice.,5cfeb186ed5aca614ee2bc53d352bdb3c92b65164a96da21ae839fe1523ac4bc,Codex (individual archived summary and resolution-document review),2026-09-26
trustmark-national-bank,confirmed,2025-05-21,https://www.consumerfinance.gov/enforcement/actions/trustmark-national-bank/,Official summary says judgment vacated and case dismissed with prejudice; not merely consent-order termination.,fb5bbf892d242ff74c46a658fdfefeeee779f4dc013256fcc960633ef05c537f,Codex (individual archived summary and resolution-document review),2026-09-26
united-guaranty-corporation,not_documented,,https://www.consumerfinance.gov/enforcement/actions/united-guaranty-corporation/,Archived summary and linked resolution documents reviewed; no full-case dismissal documented. Expiry or order termination alone does not qualify.,b717e7927feaa2f62a0eb889b5864b54ae30ee1f62a4d4c1691e1515c8fe055a,Codex (individual archived summary and resolution-document review),2026-09-26
united-states-america-and-consumer-financial-protection-bureau-v-bancorpsouth-bank,not_documented,,https://www.consumerfinance.gov/enforcement/actions/united-states-america-and-consumer-financial-protection-bureau-v-bancorpsouth-bank/,Archived summary and linked resolution documents reviewed; no full-case dismissal documented. Expiry or order termination alone does not qualify.,b4531b7cc7ffdee7f58caa2930449b166b246a7b7b8500d47f80bc11aee67b15,Codex (individual archived summary and resolution-document review),2026-09-26
vanderbilt-mortgage-finance-inc,confirmed,2025-02-28,https://www.consumerfinance.gov/enforcement/actions/vanderbilt-mortgage-finance-inc/,Official summary says Bureau dismissed all claims with prejudice and case closed.,55afdb11ef60fd626d252c13d7f7dbf9e593240980de83bc11c74ca462625b6b,Codex (individual archived summary and resolution-document review),2026-09-26
village-capital-and-investment-llc,not_documented,,https://www.consumerfinance.gov/enforcement/actions/village-capital-and-investment-llc/,Archived summary and linked resolution documents reviewed; no full-case dismissal documented. Expiry or order termination alone does not qualify.,4e657a1447975a6f4580b5dd901e12c0ea6514febc0a9ce1e4711c70afc2dc92,Codex (individual archived summary and resolution-document review),2026-09-26
washington-federal,not_documented,,https://www.consumerfinance.gov/enforcement/actions/washington-federal/,Archived summary and linked resolution documents reviewed; no full-case dismissal documented. Expiry or order termination alone does not qualify.,35eb42f2e468d6dae478f8a6391f97c76cc86d14d57a9091629bd0c82c45bdcb,Codex (individual archived summary and resolution-document review),2026-09-26
washington-federal-na,not_documented,,https://www.consumerfinance.gov/enforcement/actions/washington-federal-na/,Archived summary and linked resolution documents reviewed; no full-case dismissal documented. Expiry or order termination alone does not qualify.,df9950b8fcd4ac8aa874d9d485dcb4d18d095caf9123408a82952afcc9535d67,Codex (individual archived summary and resolution-document review),2026-09-26
wells-fargo-bank-na-2018,not_documented,,https://www.consumerfinance.gov/enforcement/actions/wells-fargo-bank-na-2018/,Archived summary and linked resolution documents reviewed; no full-case dismissal documented. Expiry or order termination alone does not qualify.,53656473ae9f2c931091b0f2820c90fae6b5ce8178d29f1d7078dfb62cb6e554,Codex (individual archived summary and resolution-document review),2026-09-26
wells-fargo-bank-na-2022,not_documented,,https://www.consumerfinance.gov/enforcement/actions/wells-fargo-bank-na-2022/,Archived summary and linked resolution documents reviewed; no full-case dismissal documented. Expiry or order termination alone does not qualify.,3348765d85f5ef393df88a623b3486846e749cd8e1c65a1c204c76e8a20a0c8c,Codex (individual archived summary and resolution-document review),2026-09-26
willamette-legacy-llc-dba-keller-williams-mid-willamette,not_documented,,https://www.consumerfinance.gov/enforcement/actions/willamette-legacy-llc-dba-keller-williams-mid-willamette/,Archived summary and linked resolution documents reviewed; no full-case dismissal documented. Expiry or order termination alone does not qualify.,980340adcba6b023ad2de8cd96e0c87846b5ea065db257cbd47df96990a73e8e,Codex (individual archived summary and resolution-document review),2026-09-26
