entity_id,display_name,type,peer_group,fdic_certs,rssdhcr,leis,valid_from,valid_to,successor_entity_id,reviewed_by,reviewed_on,evidence,review_note
EEEC3CB5858E0,WELLS FARGO&COMPANY,bank,bank,3511;5146;27389,1120754,KB1H1DSPRFMYMCUFXT09,,,,Codex (individual identity/evidence review; not independent human review),2026-09-26,https://api.fdic.gov/banks/institutions,FDIC legal charter and named holding company inspected; ambiguous brand banks excluded.
EC2C27F26E8F0,BANK OF AMERICA CORP,bank,bank,3510;25178,1073757,B4TYDEB6GKMZO031MB27,,,,Codex (individual identity/evidence review; not independent human review),2026-09-26,https://api.fdic.gov/banks/institutions,FDIC legal charter and named holding company inspected; ambiguous brand banks excluded.
E58809E9BF1B6,Ocwen Financial Corporation,nonbank_servicer,nonbank_servicer,,,,,,,Codex (individual identity/evidence review; not independent human review),2026-09-26,data/staging/stg_complaints.parquet,"Named CCDB institution retained as its own entity; no unsupported parent, bank, or similarly named-party rollup."
EB426F57A0F60,JPMORGAN CHASE&CO,bank,bank,628;21761,1039502,7H6GLXDRUGQFU57RNE97,,,,Codex (individual identity/evidence review; not independent human review),2026-09-26,https://api.fdic.gov/banks/institutions,FDIC legal charter and named holding company inspected; ambiguous brand banks excluded.
E1FC3BC613A71,NATIONSTAR MORTGAGE LLC,nonbank_servicer,nonbank_servicer,,,549300LBCBNR1OT00651,,,,Codex (individual identity/evidence review; not independent human review),2026-09-26,data/staging/stg_complaints.parquet,"Named CCDB institution retained as its own entity; no unsupported parent, bank, or similarly named-party rollup."
E1FDDE5D766D3,"Shellpoint Partners, LLC",nonbank_servicer,nonbank_servicer,,,,,,,Codex (individual identity/evidence review; not independent human review),2026-09-26,data/staging/stg_complaints.parquet,"Named CCDB institution retained as its own entity; no unsupported parent, bank, or similarly named-party rollup."
EB163C5D356CB,"SELECT PORTFOLIO SERVICING, INC.",nonbank_servicer,nonbank_servicer,,,,,,,Codex (individual identity/evidence review; not independent human review),2026-09-26,data/staging/stg_complaints.parquet,"Named CCDB institution retained as its own entity; no unsupported parent, bank, or similarly named-party rollup."
E30922865A8BB,Ditech Financial LLC,nonbank_servicer,nonbank_servicer,,,5493003KZFGGEWCRH554,,,,Codex (individual identity/evidence review; not independent human review),2026-09-26,data/staging/stg_complaints.parquet,"Named CCDB institution retained as its own entity; no unsupported parent, bank, or similarly named-party rollup."
EFEEA1A616991,CITIGROUP INC,bank,bank,7213,1951350,E57ODZWZ7FF32TWEFA76,,,,Codex (individual identity/evidence review; not independent human review),2026-09-26,https://api.fdic.gov/banks/institutions,FDIC legal charter and named holding company inspected; ambiguous brand banks excluded.
ED481C2307342,Freedom Mortgage Company,nonbank_originator,nonbank_originator,,,549300LYRWPSYPK6S325,,,,Codex (individual identity/evidence review; not independent human review),2026-09-26,data/staging/stg_complaints.parquet,"Named CCDB institution retained as its own entity; no unsupported parent, bank, or similarly named-party rollup."
E9924BD19EECC,U S BCORP,bank,bank,6548,1119794,6BYL5QZYBDK8S7L73M02,,,,Codex (individual identity/evidence review; not independent human review),2026-09-26,https://api.fdic.gov/banks/institutions,FDIC legal charter and named holding company inspected; ambiguous brand banks excluded.
EFB32B9881EC7,Specialized Loan Servicing Holdings LLC,nonbank_servicer,nonbank_servicer,,,549300QSUEE20YO86W39,,,,Codex (individual identity/evidence review; not independent human review),2026-09-26,data/staging/stg_complaints.parquet,"Named CCDB institution retained as its own entity; no unsupported parent, bank, or similarly named-party rollup."
E1583D8BF9434,"Rocket Mortgage, LLC",nonbank_originator,nonbank_originator,,,549300FGXN1K3HLB1R50,,,,Codex (individual identity/evidence review; not independent human review),2026-09-26,data/staging/stg_complaints.parquet,"Named CCDB institution retained as its own entity; no unsupported parent, bank, or similarly named-party rollup."
EC88D0EDB5407,PNC FINL SERVICES GROUP INC,bank,bank,6384,1069778,AD6GFRVSDT01YPT1CS68,,,,Codex (individual identity/evidence review; not independent human review),2026-09-26,https://api.fdic.gov/banks/institutions,FDIC legal charter and named holding company inspected; ambiguous brand banks excluded.
E25524C3723E3,"LoanCare, LLC",nonbank_servicer,nonbank_servicer,,,,,,,Codex (individual identity/evidence review; not independent human review),2026-09-26,data/staging/stg_complaints.parquet,"Named CCDB institution retained as its own entity; no unsupported parent, bank, or similarly named-party rollup."
E204727426645,"CARRINGTON MORTGAGE SERVICES, LLC",nonbank_servicer,nonbank_servicer,,,549300R9S3MVDV4MGF56,,,,Codex (individual identity/evidence review; not independent human review),2026-09-26,data/staging/stg_complaints.parquet,"Named CCDB institution retained as its own entity; no unsupported parent, bank, or similarly named-party rollup."
E06161BBFB0B1,"PENNYMAC LOAN SERVICES, LLC.",nonbank_servicer,nonbank_servicer,,,RVDPPPGHCGZ40J4VQ731,,,,Codex (individual identity/evidence review; not independent human review),2026-09-26,data/staging/stg_complaints.parquet,"Named CCDB institution retained as its own entity; no unsupported parent, bank, or similarly named-party rollup."
E5571C16499FD,HSBC HOLDINGS PLC,bank,bank,57890;58188,1857108,1IE8VN30JCEQV1H4R804,,,,Codex (individual identity/evidence review; not independent human review),2026-09-26,https://api.fdic.gov/banks/institutions,FDIC legal charter and named holding company inspected; ambiguous brand banks excluded.
EB2B27823D171,"Caliber Home Loans, Inc.",nonbank_originator,nonbank_originator,,,549300J7XKT2BI5WX213,,,,Codex (individual identity/evidence review; not independent human review),2026-09-26,data/staging/stg_complaints.parquet,"Named CCDB institution retained as its own entity; no unsupported parent, bank, or similarly named-party rollup."
E796248861ED3,M&T BANK CORP,bank,bank,588;34069,1037003,WWB2V0FCW3A0EE3ZJN75,,,,Codex (individual identity/evidence review; not independent human review),2026-09-26,https://api.fdic.gov/banks/institutions,FDIC legal charter and named holding company inspected; ambiguous brand banks excluded.
E073BF657F5B1,"Seterus, Inc.",nonbank_servicer,nonbank_servicer,,,,,,,Codex (individual identity/evidence review; not independent human review),2026-09-26,data/staging/stg_complaints.parquet,"Named CCDB institution retained as its own entity; no unsupported parent, bank, or similarly named-party rollup."
E4CED9D7E2719,Flagstar predecessor / MP (Thrift) LLC,bank,bank,32541,4224000,SS1TRMSN6BRNMOREEV51,,2022-11-30,EBDAA9CD74FD1,Codex (individual identity/evidence review; not independent human review),2026-09-26,https://api.fdic.gov/banks/institutions,2018–2021 HMDA top-holder; do not attach NYCB ownership retroactively.
EC6692485BEB4,CITIZENS FINANCIAL GROUP INC,bank,bank,57957,1132449,DRMSV1Q0EKMEXLAU1P80,,,,Codex (individual identity/evidence review; not independent human review),2026-09-26,https://api.fdic.gov/banks/institutions,FDIC legal charter and named holding company inspected; ambiguous brand banks excluded.
EC6053E325B69,SUNTRUST BANKS INC,bank,bank,867,1131787,7E1PDLW1JL6TS0BS1G03,,,ED7AC947B93AB,Codex (individual identity/evidence review; not independent human review),2026-09-26,https://api.fdic.gov/banks/institutions,FDIC legal charter and named holding company inspected; ambiguous brand banks excluded.
E6BA7BF6F6970,"Fay Servicing, LLC",nonbank_servicer,nonbank_servicer,,,549300D0H09HSURFXA20,,,,Codex (individual identity/evidence review; not independent human review),2026-09-26,data/staging/stg_complaints.parquet,"Named CCDB institution retained as its own entity; no unsupported parent, bank, or similarly named-party rollup."
E7BC26E9E7EDD,"Community Loan Servicing, LLC (formerly known as Bayview Loan Servicing, LLC)",nonbank_servicer,nonbank_servicer,,,549300MSX2N1BGIIVG32,,,,Codex (individual identity/evidence review; not independent human review),2026-09-26,data/staging/stg_complaints.parquet,"Named CCDB institution retained as its own entity; no unsupported parent, bank, or similarly named-party rollup."
E99C4F19CABA9,FIFTH THIRD BCORP,bank,bank,6672,1070345,QFROUN1UWUYU0DVIWD51,,,,Codex (individual identity/evidence review; not independent human review),2026-09-26,https://api.fdic.gov/banks/institutions,FDIC legal charter and named holding company inspected; ambiguous brand banks excluded.
E54523B495FBB,RUSHMORE LOAN MANAGEMENT SERVICES LLC,nonbank_servicer,nonbank_servicer,,,549300AI7PDYMZ609P28,,,,Codex (individual identity/evidence review; not independent human review),2026-09-26,data/staging/stg_complaints.parquet,"Named CCDB institution retained as its own entity; no unsupported parent, bank, or similarly named-party rollup."
ED7AC947B93AB,TRUIST FINANCIAL CORP,bank,bank,9846,1074156,JJKC32MCHWDI71265Z06,,,,Codex (individual identity/evidence review; not independent human review),2026-09-26,https://api.fdic.gov/banks/institutions,FDIC legal charter and named holding company inspected; ambiguous brand banks excluded.
EE2ED85757AB4,Selene Finance LP,nonbank_servicer,nonbank_servicer,,,,,,,Codex (individual identity/evidence review; not independent human review),2026-09-26,https://www.seleneadvantage.com/; https://www.selenefinance.com/,"Named CCDB institution retained as its own entity; no unsupported parent, bank, or similarly named-party rollup."
EAC8B1082E172,RoundPoint Mortgage Servicing LLC,nonbank_servicer,nonbank_servicer,,,5493000IIYWBLONJVJ30,,,,Codex (individual identity/evidence review; not independent human review),2026-09-26,data/staging/stg_complaints.parquet,"Named CCDB institution retained as its own entity; no unsupported parent, bank, or similarly named-party rollup."
E3386A41C1D8E,"LAKEVIEW LOAN SERVICING, LLC",nonbank_servicer,nonbank_servicer,,,549300NOCASXPA34X033,,,,Codex (individual identity/evidence review; not independent human review),2026-09-26,data/staging/stg_complaints.parquet,"Named CCDB institution retained as its own entity; no unsupported parent, bank, or similarly named-party rollup."
EFA4E9E07892E,"LD Holdings Group, LLC",nonbank_originator,nonbank_originator,,,,,,,Codex (individual identity/evidence review; not independent human review),2026-09-26,data/staging/stg_complaints.parquet,"Named CCDB institution retained as its own entity; no unsupported parent, bank, or similarly named-party rollup."
E51D05DB96886,PHH Mortgage Services Corporation,nonbank_servicer,nonbank_servicer,,,PAOOWF3GUFM46FBSP561,,,,Codex (individual identity/evidence review; not independent human review),2026-09-26,data/staging/stg_complaints.parquet,"Named CCDB institution retained as its own entity; no unsupported parent, bank, or similarly named-party rollup."
E8CC698A4A61E,NAVY FEDERAL CREDIT UNION,credit_union,credit_union,,,5493003GQDUH26DNNH17,,,,Codex (individual identity/evidence review; not independent human review),2026-09-26,data/staging/stg_complaints.parquet,"Named CCDB institution retained as its own entity; no unsupported parent, bank, or similarly named-party rollup."
E2FE689061D63,"Dovenmuehle Mortgage, Inc.",nonbank_servicer,nonbank_servicer,,,,,,,Codex (individual identity/evidence review; not independent human review),2026-09-26,data/staging/stg_complaints.parquet,"Named CCDB institution retained as its own entity; no unsupported parent, bank, or similarly named-party rollup."
EE982339EE76B,"United Shore Financial Services, LLC",nonbank_originator,nonbank_originator,,,549300HW662MN1WU8550,,,,Codex (individual identity/evidence review; not independent human review),2026-09-26,data/staging/stg_complaints.parquet,"Named CCDB institution retained as its own entity; no unsupported parent, bank, or similarly named-party rollup."
E18CD77639D2E,"AmeriHome Mortgage Company, LLC",nonbank_originator,nonbank_originator,,,254900HA4DQWAE0W3342,,,,Codex (individual identity/evidence review; not independent human review),2026-09-26,data/staging/stg_complaints.parquet,"Named CCDB institution retained as its own entity; no unsupported parent, bank, or similarly named-party rollup."
E2ADFA9D6F7D0,TORONTO-DOMINION BANK THE,bank,bank,18409;33947,1238565,03D0JEWFDFUS0SEEKG89,,,,Codex (individual identity/evidence review; not independent human review),2026-09-26,https://api.fdic.gov/banks/institutions,FDIC legal charter and named holding company inspected; ambiguous brand banks excluded.
E811E1542D229,CIT GROUP INC,bank,bank,58978,1036967,FVPV0TNOIM6NUIE59530,,,E3EF704205792,Codex (individual identity/evidence review; not independent human review),2026-09-26,https://api.fdic.gov/banks/institutions,FDIC legal charter and named holding company inspected; ambiguous brand banks excluded.
E2C144F51D5CE,"PLANET HOME LENDING, LLC",nonbank_originator,nonbank_originator,,,54930021WPEXNHYZUL09,,,,Codex (individual identity/evidence review; not independent human review),2026-09-26,data/staging/stg_complaints.parquet,"Named CCDB institution retained as its own entity; no unsupported parent, bank, or similarly named-party rollup."
E72FB15867991,AMERISAVE MORTGAGE CORPORATION,nonbank_originator,nonbank_originator,,,549300YIQ7S7Z8PIHE53,,,,Codex (individual identity/evidence review; not independent human review),2026-09-26,data/staging/stg_complaints.parquet,"Named CCDB institution retained as its own entity; no unsupported parent, bank, or similarly named-party rollup."
EA530F9DF6522,CrossCountry Mortgage LLC,nonbank_originator,nonbank_originator,,,549300VZVN841I2ILS84,,,,Codex (individual identity/evidence review; not independent human review),2026-09-26,data/staging/stg_complaints.parquet,"Named CCDB institution retained as its own entity; no unsupported parent, bank, or similarly named-party rollup."
EDC335F416F27,MidFirst Bank / Records family,bank,bank,4063,5555701,337KMNHEWWWR6B7Q7W10,,,,Codex (individual identity/evidence review; not independent human review),2026-09-26,https://api.fdic.gov/banks/institutions,FDIC legal charter and named holding company inspected; ambiguous brand banks excluded.
ED9E334BCFE15,"BSI Financial Holdings, Inc.",nonbank_servicer,nonbank_servicer,,,,,,,Codex (individual identity/evidence review; not independent human review),2026-09-26,data/staging/stg_complaints.parquet,"Named CCDB institution retained as its own entity; no unsupported parent, bank, or similarly named-party rollup."
E1E10FA19D799,EVERBANK FINANCIAL CORP,bank,bank,34775,3838857,5Z1UQ1CWY0DQ3KJWDQ07,,,,Codex (individual identity/evidence review; not independent human review),2026-09-26,https://api.fdic.gov/banks/institutions,FDIC legal charter and named holding company inspected; ambiguous brand banks excluded.
EBA75D3B76656,CAPITAL ONE FINANCIAL CORP,bank,bank,4297,2277860,207ALC1P1YM0OVDV0K75,,,,Codex (individual identity/evidence review; not independent human review),2026-09-26,https://api.fdic.gov/banks/institutions,FDIC legal charter and named holding company inspected; ambiguous brand banks excluded.
EC4B8C9B8E722,REGIONS FINANCIAL CORP,bank,bank,12368,3242838,EQTWLK1G7ODGC2MGLV11,,,,Codex (individual identity/evidence review; not independent human review),2026-09-26,https://api.fdic.gov/banks/institutions,FDIC legal charter and named holding company inspected; ambiguous brand banks excluded.
EDFEA33F217F1,HUNTINGTON BANCSHARES INC,bank,bank,6560,1068191,2WHM8VNJH63UN14OL754,,,,Codex (individual identity/evidence review; not independent human review),2026-09-26,https://api.fdic.gov/banks/institutions,FDIC legal charter and named holding company inspected; ambiguous brand banks excluded.
EED6B50CF122D,BANCO SANTANDER SA,bank,bank,29950,1239254,TR24TWEY5RVRQV65HD49,,,,Codex (individual identity/evidence review; not independent human review),2026-09-26,https://api.fdic.gov/banks/institutions,FDIC legal charter and named holding company inspected; ambiguous brand banks excluded.
EBDAA9CD74FD1,New York Community / Flagstar Financial,bank,bank,16022;32541,2132932,QODK9N71Q3XVQS2JKH91;SS1TRMSN6BRNMOREEV51,,,,Codex (individual identity/evidence review; not independent human review),2026-09-26,https://api.fdic.gov/banks/institutions,FDIC legal charter and named holding company inspected; ambiguous brand banks excluded.
E141256315B89,KEYCORP,bank,bank,17534,1068025,HUX2X73FUCYHUVH1BK78,,,,Codex (individual identity/evidence review; not independent human review),2026-09-26,https://api.fdic.gov/banks/institutions,FDIC legal charter and named holding company inspected; ambiguous brand banks excluded.
EB82EE4EBB125,UNITED SERVICES AUTOMOBILE ASSN,bank,bank,32188,1447376,C5654JQHZUHN0772B561,,,,Codex (individual identity/evidence review; not independent human review),2026-09-26,https://api.fdic.gov/banks/institutions,FDIC legal charter and named holding company inspected; ambiguous brand banks excluded.
E9A0A8C3892C7,21ST MORTGAGE CORP.,nonbank_originator,nonbank_originator,,,549300XQVJ1XBNFA5536,,,,Codex (individual identity/evidence review; not independent human review),2026-09-26,data/staging/stg_complaints.parquet,"Named CCDB institution retained as its own entity; no unsupported parent, bank, or similarly named-party rollup."
EABB6242BEA4E,SN SERVICING CORPORATION,nonbank_servicer,nonbank_servicer,,,,,,,Codex (individual identity/evidence review; not independent human review),2026-09-26,data/staging/stg_complaints.parquet,"Named CCDB institution retained as its own entity; no unsupported parent, bank, or similarly named-party rollup."
EA0E967627A26,BANK OF MONTREAL,bank,bank,16571;58216,1231333,3Y4U8VZURTYWI1W2K376,,,,Codex (individual identity/evidence review; not independent human review),2026-09-26,https://api.fdic.gov/banks/institutions,FDIC legal charter and named holding company inspected; ambiguous brand banks excluded.
EA742F32A9337,PENTAGON FEDERAL CREDIT UNION,credit_union,credit_union,,,549300FX7K8PTEQUU487,,,,Codex (individual identity/evidence review; not independent human review),2026-09-26,data/staging/stg_complaints.parquet,"Named CCDB institution retained as its own entity; no unsupported parent, bank, or similarly named-party rollup."
ED66424082417,"MONEY SOURCE, INC., THE",nonbank_servicer,nonbank_servicer,,,549300JOT0D4J0SZIK67,,,,Codex (individual identity/evidence review; not independent human review),2026-09-26,data/staging/stg_complaints.parquet,"Named CCDB institution retained as its own entity; no unsupported parent, bank, or similarly named-party rollup."
E973A2572465F,"CMG Financial Services, Inc.",nonbank_originator,nonbank_originator,,,,,,,Codex (individual identity/evidence review; not independent human review),2026-09-26,data/staging/stg_complaints.parquet,Retain named CCDB firm; CMG Bancorp is unrelated. CMG Mortgage LEI link is not independently established for this exact legal name.
EB78C56BDE867,"Residential Credit Solutions, Inc.",nonbank_servicer,nonbank_servicer,,,,,,,Codex (individual identity/evidence review; not independent human review),2026-09-26,data/staging/stg_complaints.parquet,"Named CCDB institution retained as its own entity; no unsupported parent, bank, or similarly named-party rollup."
E7D4C027DB2B7,ARVEST BANK GROUP INC,bank,bank,8728,1095674,COINQMNIM6RBU631DD85,,,,Codex (individual identity/evidence review; not independent human review),2026-09-26,https://api.fdic.gov/banks/institutions,FDIC legal charter and named holding company inspected; ambiguous brand banks excluded.
E299C7B39C453,Village Capital & Investment LLC,nonbank_originator,nonbank_originator,,,549300VCMRO4ST680C11,,,,Codex (individual identity/evidence review; not independent human review),2026-09-26,data/staging/stg_complaints.parquet,"Named CCDB institution retained as its own entity; no unsupported parent, bank, or similarly named-party rollup."
EA7E086856794,"BROKER SOLUTIONS, INC.",nonbank_originator,nonbank_originator,,,549300E2UX99HKDBR481,,,,Codex (individual identity/evidence review; not independent human review),2026-09-26,data/staging/stg_complaints.parquet,"Named CCDB institution retained as its own entity; no unsupported parent, bank, or similarly named-party rollup."
E4C87DEE7BA6C,GUARANTEED RATE INC.,nonbank_originator,nonbank_originator,,,549300U3721PJGQZYY68,,,,Codex (individual identity/evidence review; not independent human review),2026-09-26,data/staging/stg_complaints.parquet,"Named CCDB institution retained as its own entity; no unsupported parent, bank, or similarly named-party rollup."
E3AAEFE62826F,Home Point Financial Corporation,nonbank_servicer,nonbank_servicer,,,549300BRJZYHYKT4BJ84,,,,Codex (individual identity/evidence review; not independent human review),2026-09-26,data/staging/stg_complaints.parquet,"Named CCDB institution retained as its own entity; no unsupported parent, bank, or similarly named-party rollup."
E91A0E7620550,"VANDERBILT MORTGAGE & FINANCE, INC",nonbank_originator,nonbank_originator,,,5493000YNV8IX4VD3X12,,,,Codex (individual identity/evidence review; not independent human review),2026-09-26,data/staging/stg_complaints.parquet,"Named CCDB institution retained as its own entity; no unsupported parent, bank, or similarly named-party rollup."
ECD481168E289,Statebridge Company,nonbank_servicer,nonbank_servicer,,,,,,,Codex (individual identity/evidence review; not independent human review),2026-09-26,data/staging/stg_complaints.parquet,"Named CCDB institution retained as its own entity; no unsupported parent, bank, or similarly named-party rollup."
E4907A144AE57,"CARDINAL FINANCIAL COMPANY, LIMITED PARTNERSHIP",nonbank_originator,nonbank_originator,,,549300VORTI31GZTJL53,,,,Codex (individual identity/evidence review; not independent human review),2026-09-26,data/staging/stg_complaints.parquet,"Named CCDB institution retained as its own entity; no unsupported parent, bank, or similarly named-party rollup."
E7ED7A72E8DF3,Guild Holdings Company,nonbank_originator,nonbank_originator,,,,,,,Codex (individual identity/evidence review; not independent human review),2026-09-26,data/staging/stg_complaints.parquet,"Named CCDB institution retained as its own entity; no unsupported parent, bank, or similarly named-party rollup."
E9ED450892152,"Mortgage Research Center, LLC",nonbank_originator,nonbank_originator,,,549300DD5QQUHO6PCH70,,,,Codex (individual identity/evidence review; not independent human review),2026-09-26,data/staging/stg_complaints.parquet,"Named CCDB institution retained as its own entity; no unsupported parent, bank, or similarly named-party rollup."
E58B09E687642,"Reverse Mortgage Solutions, Inc.",nonbank_servicer,nonbank_servicer,,,,,,,Codex (individual identity/evidence review; not independent human review),2026-09-26,data/staging/stg_complaints.parquet,"Named CCDB institution retained as its own entity; no unsupported parent, bank, or similarly named-party rollup."
EF9F58BDA4819,"Real Time Group, Inc.",nonbank_servicer,nonbank_servicer,,,,,,,Codex (individual identity/evidence review; not independent human review),2026-09-26,data/staging/stg_complaints.parquet,"Named CCDB institution retained as its own entity; no unsupported parent, bank, or similarly named-party rollup."
E4C525C3C7714,POPULAR INC,bank,bank,34967;34968,1129382,OJH4M4RQMT1WXN2BNC32,,,,Codex (individual identity/evidence review; not independent human review),2026-09-26,https://api.fdic.gov/banks/institutions,FDIC legal charter and named holding company inspected; ambiguous brand banks excluded.
E20E78396D860,"Peer Advisors, LLC",nonbank_servicer,nonbank_servicer,,,,,,,Codex (individual identity/evidence review; not independent human review),2026-09-26,data/staging/stg_complaints.parquet,"Named CCDB institution retained as its own entity; no unsupported parent, bank, or similarly named-party rollup."
E718D7EB76BA7,BBVA USA / Banco Bilbao Vizcaya Argentaria,bank,bank,19048,1391237,C90VT034M03BN29IRA40,,,EC88D0EDB5407,Codex (individual identity/evidence review; not independent human review),2026-09-26,https://files.ffiec.cfpb.gov/static-data/snapshot/2021/2021_public_panel_csv.zip,Predecessor BBVA ownership from dated 2021 panel; latest inactive FDIC row names PNC after acquisition. Preserve BBVA historic identity.
E922B5325334F,PROVIDENT FUNDING ASSOCIATES,nonbank_originator,nonbank_originator,,,54930043BMDE130FJ617,,,,Codex (individual identity/evidence review; not independent human review),2026-09-26,data/staging/stg_complaints.parquet,"Named CCDB institution retained as its own entity; no unsupported parent, bank, or similarly named-party rollup."
E0F85A0D4F508,Movement Mortgage LLC,nonbank_originator,nonbank_originator,,,549300DD4R4SYK5RAQ92,,,,Codex (individual identity/evidence review; not independent human review),2026-09-26,data/staging/stg_complaints.parquet,"Named CCDB institution retained as its own entity; no unsupported parent, bank, or similarly named-party rollup."
E712507A45CC4,"SERVICEMAC, LLC",nonbank_servicer,nonbank_servicer,,,,,,,Codex (individual identity/evidence review; not independent human review),2026-09-26,data/staging/stg_complaints.parquet,"Named CCDB institution retained as its own entity; no unsupported parent, bank, or similarly named-party rollup."
E02AB9B03BCDB,Aspen Yo LLC,other,other,,,,,,,Codex (individual identity/evidence review; not independent human review),2026-09-26,data/staging/stg_complaints.parquet,"Named CCDB institution retained as its own entity; no unsupported parent, bank, or similarly named-party rollup."
E182F7E774550,FCI Lender Services Inc.,nonbank_servicer,nonbank_servicer,,,,,,,Codex (individual identity/evidence review; not independent human review),2026-09-26,data/staging/stg_complaints.parquet,"Named CCDB institution retained as its own entity; no unsupported parent, bank, or similarly named-party rollup."
E9C6DA403A43C,TCF FINANCIAL CORP,bank,bank,28330,1201934,549300GJGUHNTC6JI536,,,EDFEA33F217F1,Codex (individual identity/evidence review; not independent human review),2026-09-26,https://api.fdic.gov/banks/institutions,FDIC legal charter and named holding company inspected; ambiguous brand banks excluded.
E0F4D2A3DE7F9,FIRST HORIZON CORP,bank,bank,4977,1094640,COOWI3L2W9TPYR3WJX37,,,,Codex (individual identity/evidence review; not independent human review),2026-09-26,https://api.fdic.gov/banks/institutions,FDIC legal charter and named holding company inspected; ambiguous brand banks excluded.
E90082F0285AB,"Valon Technologies, Inc.",other,other,,,,,,,Codex (individual identity/evidence review; not independent human review),2026-09-26,data/staging/stg_complaints.parquet,"Named CCDB institution retained as its own entity; no unsupported parent, bank, or similarly named-party rollup."
E0D610F1C9955,"AMA Advisors, LLC.",nonbank_servicer,nonbank_servicer,,,,,,,Codex (individual identity/evidence review; not independent human review),2026-09-26,data/staging/stg_complaints.parquet,"Named CCDB institution retained as its own entity; no unsupported parent, bank, or similarly named-party rollup."
E2C85F0E46692,AMERICAN ADVISORS GROUP,nonbank_originator,nonbank_originator,,,549300TINI6CL78UD591,,,,Codex (individual identity/evidence review; not independent human review),2026-09-26,data/staging/stg_complaints.parquet,"Named CCDB institution retained as its own entity; no unsupported parent, bank, or similarly named-party rollup."
E9A9FF2B46D0A,"SUN WEST MORTGAGE COMPANY, INC.",nonbank_originator,nonbank_originator,,,549300SK2GVCQXPD4S58,,,,Codex (individual identity/evidence review; not independent human review),2026-09-26,data/staging/stg_complaints.parquet,"Named CCDB institution retained as its own entity; no unsupported parent, bank, or similarly named-party rollup."
EC5C21EED4E5A,"Better Mortgage, Inc.",nonbank_originator,nonbank_originator,,,549300XY701IELCE5Q08,,,,Codex (individual identity/evidence review; not independent human review),2026-09-26,data/staging/stg_complaints.parquet,"Named CCDB institution retained as its own entity; no unsupported parent, bank, or similarly named-party rollup."
EA73017851BEB,"Stearns Ventures, LLC",nonbank_originator,nonbank_originator,,,,,,,Codex (individual identity/evidence review; not independent human review),2026-09-26,data/staging/stg_complaints.parquet,"Named CCDB institution retained as its own entity; no unsupported parent, bank, or similarly named-party rollup."
E41CFAD8559FE,"Pacific Union Financial, LLC",nonbank_originator,nonbank_originator,,,549300410TULSMMGDX92,,,,Codex (individual identity/evidence review; not independent human review),2026-09-26,data/staging/stg_complaints.parquet,"Named CCDB institution retained as its own entity; no unsupported parent, bank, or similarly named-party rollup."
E6E4400138C69,BOK FINANCIAL CORP,bank,bank,4214,1883693,FU7RSW4CQQY98A2O7J66,,,,Codex (individual identity/evidence review; not independent human review),2026-09-26,https://api.fdic.gov/banks/institutions,FDIC legal charter and named holding company inspected; ambiguous brand banks excluded.
ECF2F96AAE504,ALLY FINANCIAL INC,bank,bank,57803,1562859,549300C04BJ0G297NC13,,,,Codex (individual identity/evidence review; not independent human review),2026-09-26,https://api.fdic.gov/banks/institutions,FDIC legal charter and named holding company inspected; ambiguous brand banks excluded.
E772FC958BDCB,Idaho Housing And Finance Association,other,other,,,,,,,Codex (individual identity/evidence review; not independent human review),2026-09-26,data/staging/stg_complaints.parquet,"Named CCDB institution retained as its own entity; no unsupported parent, bank, or similarly named-party rollup."
E806DAD516CDE,Arbor Residential Mortgage LLC,nonbank_servicer,nonbank_servicer,,,,,,,Codex (individual identity/evidence review; not independent human review),2026-09-26,data/staging/stg_complaints.parquet,"Named CCDB institution retained as its own entity; no unsupported parent, bank, or similarly named-party rollup."
E9C6D3A158F9C,MORGAN STANLEY,bank,bank,32992;34221,2162966,549300GS0W0TEUQS8571,,,,Codex (individual identity/evidence review; not independent human review),2026-09-26,https://api.fdic.gov/banks/institutions,FDIC legal charter and named holding company inspected; ambiguous brand banks excluded.
E3E99D69D853D,Fairway Independent Mortgage Corporation,nonbank_originator,nonbank_originator,,,549300MGPZBLQDIL7538,,,,Codex (individual identity/evidence review; not independent human review),2026-09-26,data/staging/stg_complaints.parquet,"Named CCDB institution retained as its own entity; no unsupported parent, bank, or similarly named-party rollup."
EEA501D46F351,THIRD FS&LA OF CLEVELAND MHC,bank,bank,30012,3828036,5493008CPTDVOS570626,,,,Codex (individual identity/evidence review; not independent human review),2026-09-26,https://api.fdic.gov/banks/institutions,FDIC legal charter and named holding company inspected; ambiguous brand banks excluded.
E3083051A1527,Data Mortgage Inc.,nonbank_originator,nonbank_originator,,,5493008E4KBJCB6UKR64,,,,Codex (individual identity/evidence review; not independent human review),2026-09-26,data/staging/stg_complaints.parquet,"Named CCDB institution retained as its own entity; no unsupported parent, bank, or similarly named-party rollup."
EDE60FD674DA6,"PLAZA HOME MORTGAGE, INC.",nonbank_originator,nonbank_originator,,,549300JYXTZDSPJEPI44,,,,Codex (individual identity/evidence review; not independent human review),2026-09-26,data/staging/stg_complaints.parquet,"Named CCDB institution retained as its own entity; no unsupported parent, bank, or similarly named-party rollup."
EEABDDDD2DFE8,AMERIS BCORP,bank,bank,20504,1082067,IUGPUX5LWRZ3B6KIZ697,,,,Codex (individual identity/evidence review; not independent human review),2026-09-26,https://api.fdic.gov/banks/institutions,FDIC legal charter and named holding company inspected; ambiguous brand banks excluded.
E55D8798567B8,Finance of America Holdings LLC,nonbank_originator,nonbank_originator,,,,,,,Codex (individual identity/evidence review; not independent human review),2026-09-26,data/staging/stg_complaints.parquet,"Named CCDB institution retained as its own entity; no unsupported parent, bank, or similarly named-party rollup."
E9291B3C42904,DISCOVER FINANCIAL SERVICES,bank,bank,5649,3846375,X05BVSK68TQ7YTOSNR22,,,EBA75D3B76656,Codex (individual identity/evidence review; not independent human review),2026-09-26,https://api.fdic.gov/banks/institutions,FDIC legal charter and named holding company inspected; ambiguous brand banks excluded.
E6F4E7AB27D33,Quality Loan Service Corporation,other,other,,,,,,,Codex (individual identity/evidence review; not independent human review),2026-09-26,data/staging/stg_complaints.parquet,"Named CCDB institution retained as its own entity; no unsupported parent, bank, or similarly named-party rollup."
E31BF475DBBDE,"Lennar Financial Services, LLC",nonbank_originator,nonbank_originator,,,,,,,Codex (individual identity/evidence review; not independent human review),2026-09-26,data/staging/stg_complaints.parquet,"Named CCDB institution retained as its own entity; no unsupported parent, bank, or similarly named-party rollup."
E5823FB9F8455,BNP PARIBAS,bank,bank,3514,1231968,QOT5WN9RBKQTFRVKEV31,,,EA0E967627A26,Codex (individual identity/evidence review; not independent human review),2026-09-26,https://api.fdic.gov/banks/institutions,FDIC legal charter and named holding company inspected; ambiguous brand banks excluded.
E1FAABE5DBC7C,"Fidelity National Financial, Inc",other,other,,,,,,,Codex (individual identity/evidence review; not independent human review),2026-09-26,data/staging/stg_complaints.parquet,"Named CCDB institution retained as its own entity; no unsupported parent, bank, or similarly named-party rollup."
EB7F1B7690613,PRIMARY RESIDENTIAL MORTGAGE,nonbank_originator,nonbank_originator,,,54930052M48FOD3CWA54,,,,Codex (individual identity/evidence review; not independent human review),2026-09-26,data/staging/stg_complaints.parquet,"Named CCDB institution retained as its own entity; no unsupported parent, bank, or similarly named-party rollup."
EB65DCEF09CD6,PARAMOUNT RESIDENTIAL MORTGAGE GROUP,nonbank_originator,nonbank_originator,,,254900ZFWS2106HWPH46,,,,Codex (individual identity/evidence review; not independent human review),2026-09-26,data/staging/stg_complaints.parquet,"Named CCDB institution retained as its own entity; no unsupported parent, bank, or similarly named-party rollup."
E0FE83038482A,Franklin Credit Management Corporation,nonbank_servicer,nonbank_servicer,,,,,,,Codex (individual identity/evidence review; not independent human review),2026-09-26,data/staging/stg_complaints.parquet,"Named CCDB institution retained as its own entity; no unsupported parent, bank, or similarly named-party rollup."
EBD7B63074BE8,Chrysalis Holdings LLC,nonbank_originator,nonbank_originator,,,,,,,Codex (individual identity/evidence review; not independent human review),2026-09-26,data/staging/stg_complaints.parquet,"Named CCDB institution retained as its own entity; no unsupported parent, bank, or similarly named-party rollup."
EC85B7D656E53,FRANKLIN AMERICAN MORTGAGE CO.,nonbank_originator,nonbank_originator,,,549300DT53TVM4JSTM24,,,,Codex (individual identity/evidence review; not independent human review),2026-09-26,data/staging/stg_complaints.parquet,"Named CCDB institution retained as its own entity; no unsupported parent, bank, or similarly named-party rollup."
EB2869CB18595,FIRST BCORP,bank,bank,30387,2744894,549300WWJ28EP3GZG107,,,,Codex (individual identity/evidence review; not independent human review),2026-09-26,https://api.fdic.gov/banks/institutions,FDIC legal charter and named holding company inspected; ambiguous brand banks excluded.
E4C7F433D63C0,ASSOCIATED BANC-CORP,bank,bank,5296,1199563,ZF85QS7OXKPBG52R7N18,,,,Codex (individual identity/evidence review; not independent human review),2026-09-26,https://api.fdic.gov/banks/institutions,FDIC legal charter and named holding company inspected; ambiguous brand banks excluded.
E6C300C66AB15,American Financial Network Inc.,nonbank_originator,nonbank_originator,,,5493008NWHQT1R22C024,,,,Codex (individual identity/evidence review; not independent human review),2026-09-26,data/staging/stg_complaints.parquet,"Named CCDB institution retained as its own entity; no unsupported parent, bank, or similarly named-party rollup."
E4AED565BA8B0,LAND HOME FINANCIAL SERVICES,nonbank_originator,nonbank_originator,,,5493006RIR31ORKYB608,,,,Codex (individual identity/evidence review; not independent human review),2026-09-26,data/staging/stg_complaints.parquet,"Named CCDB institution retained as its own entity; no unsupported parent, bank, or similarly named-party rollup."
E2E0260B2F238,SYNCHRONY FINANCIAL,bank,bank,27314,4504654,,,,,Codex (individual identity/evidence review; not independent human review),2026-09-26,https://api.fdic.gov/banks/institutions,FDIC legal charter and named holding company inspected; ambiguous brand banks excluded.
EC36798CEE27E,GATEWAY FIRST BCORP INC,bank,bank,15118,5610860,54930034MNPILHP25H80,,,,Codex (individual identity/evidence review; not independent human review),2026-09-26,https://api.fdic.gov/banks/institutions,FDIC legal charter and named holding company inspected; ambiguous brand banks excluded.
EDF0E7A6E82EF,"ONEMAIN FINANCIAL HOLDINGS, LLC.",other,other,,,,,,,Codex (individual identity/evidence review; not independent human review),2026-09-26,data/staging/stg_complaints.parquet,"Named CCDB institution retained as its own entity; no unsupported parent, bank, or similarly named-party rollup."
EFC98082BDBFD,F N B CORP,bank,bank,7888,3005332,N8T7HW55LK5D2ORCKP39,,,,Codex (individual identity/evidence review; not independent human review),2026-09-26,https://api.fdic.gov/banks/institutions,FDIC legal charter and named holding company inspected; ambiguous brand banks excluded.
E1AC4ADE944DE,"Zions Bancorporation, N.A.",bank,bank,2270,,8WH0EE09O9V05QJZ3V89,,,,Codex (individual identity/evidence review; not independent human review),2026-09-26,https://api.fdic.gov/banks/institutions,"No holding company in FDIC roster after bank/holding-company combination; model standalone charter, no invented RSSDHCR."
E5AD7D28D6C06,Union Home Mortgage Corp,nonbank_originator,nonbank_originator,,,549300RPOGWJRH63HS39,,,,Codex (individual identity/evidence review; not independent human review),2026-09-26,data/staging/stg_complaints.parquet,"Named CCDB institution retained as its own entity; no unsupported parent, bank, or similarly named-party rollup."
E6E7EB400BFED,NVR INC.,nonbank_originator,nonbank_originator,,,,,,,Codex (individual identity/evidence review; not independent human review),2026-09-26,data/staging/stg_complaints.parquet,"Named CCDB institution retained as its own entity; no unsupported parent, bank, or similarly named-party rollup."
E55E8F997C41C,"PRIMELENDING, A PLAINSCAPITAL COMPANY",nonbank_originator,nonbank_originator,,,549300121SF0K2LN2804,,,,Codex (individual identity/evidence review; not independent human review),2026-09-26,data/staging/stg_complaints.parquet,"Named CCDB institution retained as its own entity; no unsupported parent, bank, or similarly named-party rollup."
EC2302E0F3042,"EQUIFAX, INC.",bureau,bureau,,,,,,,Codex (individual identity/evidence review; not independent human review),2026-09-26,data/staging/stg_complaints.parquet,"Named CCDB institution retained as its own entity; no unsupported parent, bank, or similarly named-party rollup."
E2A96ED7731EF,FIRST AMERICAN FINANCIAL CORPORATION,other,other,,,,,,,Codex (individual identity/evidence review; not independent human review),2026-09-26,data/staging/stg_complaints.parquet,"Named CCDB institution retained as its own entity; no unsupported parent, bank, or similarly named-party rollup."
E468B6E606834,WEBSTER FINANCIAL CORP,bank,bank,18221,1145476,WV0OVGBTLUP1XIUJE722,,,EED6B50CF122D,Codex (individual identity/evidence review; not independent human review),2026-09-26,https://api.fdic.gov/banks/institutions,FDIC legal charter and named holding company inspected; ambiguous brand banks excluded.
E595375A39DFA,MidAmerica Mortgage Inc,nonbank_originator,nonbank_originator,,,54930049L5WINET09Q97,,,,Codex (individual identity/evidence review; not independent human review),2026-09-26,data/staging/stg_complaints.parquet,"Named CCDB institution retained as its own entity; no unsupported parent, bank, or similarly named-party rollup."
E3EF704205792,FIRST CITIZENS BANCSHARES INC,bank,bank,11063,1075612,L9VVX1KT5TFTKS0MLF66,,,,Codex (individual identity/evidence review; not independent human review),2026-09-26,https://api.fdic.gov/banks/institutions,FDIC legal charter and named holding company inspected; ambiguous brand banks excluded.
EBA3A552C2F88,MORTGAGE SOLUTIONS OF COLORADO,nonbank_originator,nonbank_originator,,,549300PBTV7FCWLSMM53,,,,Codex (individual identity/evidence review; not independent human review),2026-09-26,data/staging/stg_complaints.parquet,"Named CCDB institution retained as its own entity; no unsupported parent, bank, or similarly named-party rollup."
E9C236160D8B5,BANKUNITED INC,bank,bank,58979,4028712,BFLFJ4PXRGDML87ZYT33,,,,Codex (individual identity/evidence review; not independent human review),2026-09-26,https://api.fdic.gov/banks/institutions,FDIC legal charter and named holding company inspected; ambiguous brand banks excluded.
EB7E5DA6DF3D9,"NOVAD Management Consulting, LLC",nonbank_servicer,nonbank_servicer,,,,,,,Codex (individual identity/evidence review; not independent human review),2026-09-26,data/staging/stg_complaints.parquet,"Named CCDB institution retained as its own entity; no unsupported parent, bank, or similarly named-party rollup."
E36F4BD58BE4A,BANK OF NY MELLON CORP THE,bank,bank,639;7946;23472;24867,3587146,4EP6JBYBTPTQ47LZOB67,,,,Codex (individual identity/evidence review; not independent human review),2026-09-26,https://api.fdic.gov/banks/institutions,FDIC legal charter and named holding company inspected; ambiguous brand banks excluded.
EE034DEE8CD18,DHI Mortgage Company,nonbank_originator,nonbank_originator,,,5493001SXWZ4OFP8Z903,,,,Codex (individual identity/evidence review; not independent human review),2026-09-26,data/staging/stg_complaints.parquet,"Named CCDB institution retained as its own entity; no unsupported parent, bank, or similarly named-party rollup."
E9ABB3C040AA1,"Paramount GR Holdings, LLC",nonbank_originator,nonbank_originator,,,,,,,Codex (individual identity/evidence review; not independent human review),2026-09-26,data/staging/stg_complaints.parquet,"Named CCDB institution retained as its own entity; no unsupported parent, bank, or similarly named-party rollup."
E395472B677AD,WSFS FINANCIAL CORP,bank,bank,17838,3844269,5493005DKMV1IHIM8E20,,,,Codex (individual identity/evidence review; not independent human review),2026-09-26,https://api.fdic.gov/banks/institutions,FDIC legal charter and named holding company inspected; ambiguous brand banks excluded.
EA25032638622,"American Financial Resources, Inc.",nonbank_originator,nonbank_originator,,,5493002B2WMHY23GFK92,,,,Codex (individual identity/evidence review; not independent human review),2026-09-26,data/staging/stg_complaints.parquet,"Named CCDB institution retained as its own entity; no unsupported parent, bank, or similarly named-party rollup."
EDCBA28169857,Southwest Business Corporation,nonbank_originator,nonbank_originator,,,,,,,Codex (individual identity/evidence review; not independent human review),2026-09-26,data/staging/stg_complaints.parquet,"Named CCDB institution retained as its own entity; no unsupported parent, bank, or similarly named-party rollup."
E261DCB2586C6,Alabama Housing Finance Authority,other,other,,,,,,,Codex (individual identity/evidence review; not independent human review),2026-09-26,data/staging/stg_complaints.parquet,"Named CCDB institution retained as its own entity; no unsupported parent, bank, or similarly named-party rollup."
EB4BC963AE572,Experian Information Solutions Inc.,bureau,bureau,,,,,,,Codex (individual identity/evidence review; not independent human review),2026-09-26,data/staging/stg_complaints.parquet,"Named CCDB institution retained as its own entity; no unsupported parent, bank, or similarly named-party rollup."
EC2ADB5FF5E55,Supreme Lending,nonbank_originator,nonbank_originator,,,549300XWUSRVVOHPRY47,,,,Codex (individual identity/evidence review; not independent human review),2026-09-26,data/staging/stg_complaints.parquet,"Named CCDB institution retained as its own entity; no unsupported parent, bank, or similarly named-party rollup."
EA662D8AAC5CF,AXOS FINANCIAL INC,bank,bank,35546,3814310,2549009X2AG1P20YAJ63,,,,Codex (individual identity/evidence review; not independent human review),2026-09-26,https://api.fdic.gov/banks/institutions,FDIC legal charter and named holding company inspected; ambiguous brand banks excluded.
E9BB41D032619,"IMPAC MORTGAGE HOLDINGS, INC.",nonbank_originator,nonbank_originator,,,549300U2WRK55BY8UC05,,,,Codex (individual identity/evidence review; not independent human review),2026-09-26,data/staging/stg_complaints.parquet,"Named CCDB institution retained as its own entity; no unsupported parent, bank, or similarly named-party rollup."
EE8D973B13F37,"PulteGroup, Inc.",nonbank_originator,nonbank_originator,,,,,,,Codex (individual identity/evidence review; not independent human review),2026-09-26,data/staging/stg_complaints.parquet,"Named CCDB institution retained as its own entity; no unsupported parent, bank, or similarly named-party rollup."
E989CB800DD43,"1st Alliance Lending, LLC",nonbank_originator,nonbank_originator,,,,,,,Codex (individual identity/evidence review; not independent human review),2026-09-26,https://www.consumerfinance.gov/enforcement/actions/1st-alliance-lending-llc-et-al/; caption_sha256=c72d25e5e57356f453cfc6e3e0a68fc683ef9aa65619dee52d90f28228717b4a,Individually inspected reviewed caption and source summary. Named operating respondent retained separately; no unsupported similarity or affiliate rollup.
EB5DD4567F44C,ACI Payments Inc.,other,other,,,,,,,Codex (individual identity/evidence review; not independent human review),2026-09-26,https://www.consumerfinance.gov/enforcement/actions/aci-worldwide-corp-and-aci-payments-inc/; caption_sha256=36b836b2a5f178e9810dfd336ce58fa882fc1a9aae97fe86a528b6000c4b6264,Individually inspected reviewed caption and source summary. Named operating respondent retained separately; no unsupported similarity or affiliate rollup.
EB243BF1A69E6,ACI Worldwide Corp.,other,other,,,,,,,Codex (individual identity/evidence review; not independent human review),2026-09-26,https://www.consumerfinance.gov/enforcement/actions/aci-worldwide-corp-and-aci-payments-inc/; caption_sha256=36b836b2a5f178e9810dfd336ce58fa882fc1a9aae97fe86a528b6000c4b6264,Individually inspected reviewed caption and source summary. Named operating respondent retained separately; no unsupported similarity or affiliate rollup.
E11CB44BD8B43,"Accelerate Mortgage, LLC",nonbank_originator,nonbank_originator,,,,,,,Codex (individual identity/evidence review; not independent human review),2026-09-26,https://www.consumerfinance.gov/enforcement/actions/accelerate-mortgage-llc/; caption_sha256=42a64be27f20cf2931a45894d50c575bf32bb70e69a42074c0bb4591d676715d,Individually inspected reviewed caption and source summary. Named operating respondent retained separately; no unsupported similarity or affiliate rollup.
E11893CED068F,Aegean Financial,other,other,,,,,,,Codex (individual identity/evidence review; not independent human review),2026-09-26,https://www.consumerfinance.gov/enforcement/actions/aegean-financial/; caption_sha256=1745c3cc594c1b8e32fcbc333cb08feb15497f265d2d468557d095a5b2b3885a,Individually inspected reviewed caption and source summary. Named operating respondent retained separately; no unsupported similarity or affiliate rollup.
E8EFC0642D12F,"All County Settlements, LLC",other,other,,,,,,,Codex (individual identity/evidence review; not independent human review),2026-09-26,https://www.consumerfinance.gov/enforcement/actions/genuine-title-2/; caption_sha256=2d91c1dcf1a73a93c54a0d10924f7b0d55acd317f4f4858fc23f6ced55f99bd9,Individually inspected reviewed caption and source summary. Named operating respondent retained separately; no unsupported similarity or affiliate rollup.
EC44AF8172606,"All Financial Services, LLC",nonbank_originator,nonbank_originator,,,,,,,Codex (individual identity/evidence review; not independent human review),2026-09-26,https://www.consumerfinance.gov/enforcement/actions/all-financial-services/; caption_sha256=e6fcc21ff3021a3c6eead49acbe53ac457c8afc00310d8c71dfa891c164deeae,Individually inspected reviewed caption and source summary. Named operating respondent retained separately; no unsupported similarity or affiliate rollup.
E4CFEA14BBF75,"American Preferred Lending, Inc.",nonbank_originator,nonbank_originator,,,,,,,Codex (individual identity/evidence review; not independent human review),2026-09-26,https://www.consumerfinance.gov/enforcement/actions/american-preferred/; caption_sha256=d094460381b8f550fa47ada56b40107e0de72f54b8aa97d3aeabcf82be92338d,Individually inspected reviewed caption and source summary. Named operating respondent retained separately; no unsupported similarity or affiliate rollup.
E7B1D4703AF6B,Atrium Insurance Corporation,other,other,,,,,,,Codex (individual identity/evidence review; not independent human review),2026-09-26,https://www.consumerfinance.gov/enforcement/actions/phh-corporation/; caption_sha256=13ddfc0671f37f0ff4d5e51cf1cc6408daf390060c1aadd304d141c5b99525d5,Individually inspected reviewed caption and source summary. Named operating respondent retained separately; no unsupported similarity or affiliate rollup.
E7CD2E5EDE948,Atrium Reinsurance Corporation,other,other,,,,,,,Codex (individual identity/evidence review; not independent human review),2026-09-26,https://www.consumerfinance.gov/enforcement/actions/phh-corporation/; caption_sha256=13ddfc0671f37f0ff4d5e51cf1cc6408daf390060c1aadd304d141c5b99525d5,Individually inspected reviewed caption and source summary. Named operating respondent retained separately; no unsupported similarity or affiliate rollup.
E9A23CCD5E7B5,"BTS Management and Consulting, LLC",other,other,,,,,,,Codex (individual identity/evidence review; not independent human review),2026-09-26,https://www.consumerfinance.gov/enforcement/actions/genuine-title-2/; caption_sha256=2d91c1dcf1a73a93c54a0d10924f7b0d55acd317f4f4858fc23f6ced55f99bd9,Individually inspected reviewed caption and source summary. Named operating respondent retained separately; no unsupported similarity or affiliate rollup.
EE13F7D214BE9,BancorpSouth / Cadence,bank,bank,11813,,Q7C315HKI8VX0SSKBS64,,,EDFEA33F217F1,Codex (individual identity/evidence review; not independent human review),2026-09-26,https://api.fdic.gov/banks/institutions,FDIC standalone bank CERT 11813; no holding-company RSSD asserted where absent. Historical predecessor preserved.
EC2B75EE2E056,"Borders & Borders, PLC",other,other,,,,,,,Codex (individual identity/evidence review; not independent human review),2026-09-26,https://www.consumerfinance.gov/enforcement/actions/borders-and-borders-plc-harry-borders-john-borders-jr-j-david-borders/; caption_sha256=5bac4174e531d53dbcac502c5e968d0dc465e6d22bbf611a9bd17194e7ba5c18,Individually inspected reviewed caption and source summary. Named operating respondent retained separately; no unsupported similarity or affiliate rollup.
E21AB724DBAB6,"Carroll Abstracts, Inc.",other,other,,,,,,,Codex (individual identity/evidence review; not independent human review),2026-09-26,https://www.consumerfinance.gov/enforcement/actions/genuine-title-2/; caption_sha256=2d91c1dcf1a73a93c54a0d10924f7b0d55acd317f4f4858fc23f6ced55f99bd9,Individually inspected reviewed caption and source summary. Named operating respondent retained separately; no unsupported similarity or affiliate rollup.
E7AF0463B5C2F,"Castle & Cooke Mortgage, LLC",nonbank_originator,nonbank_originator,,,,,,,Codex (individual identity/evidence review; not independent human review),2026-09-26,https://www.consumerfinance.gov/enforcement/actions/castle-cooke-mortgage/; caption_sha256=fe5f3a87f38a8fd62a0ef118199576d348a8513c5f7a1201465d174ef127f957,Individually inspected reviewed caption and source summary. Named operating respondent retained separately; no unsupported similarity or affiliate rollup.
E529442A32835,"Certified Forensic Loan Auditors, LLC",other,other,,,,,,,Codex (individual identity/evidence review; not independent human review),2026-09-26,https://www.consumerfinance.gov/enforcement/actions/certified-forensic-loan-auditors-llc-andrew-lehman-michael-carrigan/; caption_sha256=3c10d3a014fc7998a558fb3ef989e25925b5402dcc0869ace204cf4c85c42a95,Individually inspected reviewed caption and source summary. Named operating respondent retained separately; no unsupported similarity or affiliate rollup.
EB6924A9F1A7E,CitiFinancial Company (DE),other,other,,,,,,,Codex (individual identity/evidence review; not independent human review),2026-09-26,https://www.consumerfinance.gov/enforcement/actions/citifinancial-servicing-llc-de-citifinancial-company-de-citifinancial-services-inc-mn-and-citifinancial-inc-wv/; caption_sha256=7bdf11b298d16dc1faf0dc6067cce2b01ef0f16ec5e6ba45250def6c05b330f1,Individually inspected reviewed caption and source summary. Named operating respondent retained separately; no unsupported similarity or affiliate rollup.
ECB4B975EE881,"CitiFinancial Services, Inc. (MN)",other,other,,,,,,,Codex (individual identity/evidence review; not independent human review),2026-09-26,https://www.consumerfinance.gov/enforcement/actions/citifinancial-servicing-llc-de-citifinancial-company-de-citifinancial-services-inc-mn-and-citifinancial-inc-wv/; caption_sha256=7bdf11b298d16dc1faf0dc6067cce2b01ef0f16ec5e6ba45250def6c05b330f1,Individually inspected reviewed caption and source summary. Named operating respondent retained separately; no unsupported similarity or affiliate rollup.
E03B3FAF4C560,"CitiFinancial Servicing, LLC (DE)",other,other,,,,,,,Codex (individual identity/evidence review; not independent human review),2026-09-26,https://www.consumerfinance.gov/enforcement/actions/citifinancial-servicing-llc-de-citifinancial-company-de-citifinancial-services-inc-mn-and-citifinancial-inc-wv/; caption_sha256=7bdf11b298d16dc1faf0dc6067cce2b01ef0f16ec5e6ba45250def6c05b330f1,Individually inspected reviewed caption and source summary. Named operating respondent retained separately; no unsupported similarity or affiliate rollup.
E578A03BF2B1F,"CitiFinancial, Inc. (WV)",other,other,,,,,,,Codex (individual identity/evidence review; not independent human review),2026-09-26,https://www.consumerfinance.gov/enforcement/actions/citifinancial-servicing-llc-de-citifinancial-company-de-citifinancial-services-inc-mn-and-citifinancial-inc-wv/; caption_sha256=7bdf11b298d16dc1faf0dc6067cce2b01ef0f16ec5e6ba45250def6c05b330f1,Individually inspected reviewed caption and source summary. Named operating respondent retained separately; no unsupported similarity or affiliate rollup.
E86AD1A803A59,"CitiMortgage, Inc.",other,other,,,,,,,Codex (individual identity/evidence review; not independent human review),2026-09-26,https://www.consumerfinance.gov/enforcement/actions/citimortgage-inc/; caption_sha256=a9610a9a7472cff6ee531492cf5fce3541e8e877fb50680ae6bc23541059c1b0,Individually inspected reviewed caption and source summary. Named operating respondent retained separately; no unsupported similarity or affiliate rollup.
EFB923A08BD7C,"Clausen & Cobb Management Company, Inc.",other,other,,,,,,,Codex (individual identity/evidence review; not independent human review),2026-09-26,https://www.consumerfinance.gov/enforcement/actions/stephen-siringoringo-alfred-clausen-joshua-cobb-and-corporation-clausen-and-cobb-man/; caption_sha256=271f596f051065ea523128585e149274547e8cb4d367b1a10c0d83a598fdea70,Individually inspected reviewed caption and source summary. Named operating respondent retained separately; no unsupported similarity or affiliate rollup.
E769B6BC21998,"ClearPath Lending, Inc.",nonbank_originator,nonbank_originator,,,,,,,Codex (individual identity/evidence review; not independent human review),2026-09-26,https://www.consumerfinance.gov/enforcement/actions/clearpath-lending-inc/; caption_sha256=fb9fbb027c0c94a7b2f444c783f5a047b6f13df13189f34a79765f4bc9c4e627,Individually inspected reviewed caption and source summary. Named operating respondent retained separately; no unsupported similarity or affiliate rollup.
E2ED7A1A465DD,"Colony Ridge BV, LLC",other,other,,,,,,,Codex (individual identity/evidence review; not independent human review),2026-09-26,https://www.consumerfinance.gov/enforcement/actions/colony-ridge/; caption_sha256=d19c9c97798a9733091f9fa2b88cf5d2e2a51cc9bb56e363ad38326631092ee6,Individually inspected reviewed caption and source summary. Named operating respondent retained separately; no unsupported similarity or affiliate rollup.
E0C9E597496E9,"Colony Ridge Development, LLC",other,other,,,,,,,Codex (individual identity/evidence review; not independent human review),2026-09-26,https://www.consumerfinance.gov/enforcement/actions/colony-ridge/; caption_sha256=d19c9c97798a9733091f9fa2b88cf5d2e2a51cc9bb56e363ad38326631092ee6,Individually inspected reviewed caption and source summary. Named operating respondent retained separately; no unsupported similarity or affiliate rollup.
E4DF2D477CD65,"Colony Ridge Land, LLC",other,other,,,,,,,Codex (individual identity/evidence review; not independent human review),2026-09-26,https://www.consumerfinance.gov/enforcement/actions/colony-ridge/; caption_sha256=d19c9c97798a9733091f9fa2b88cf5d2e2a51cc9bb56e363ad38326631092ee6,Individually inspected reviewed caption and source summary. Named operating respondent retained separately; no unsupported similarity or affiliate rollup.
E211EA3958581,Consumer First Legal Group LLC,other,other,,,,,,,Codex (individual identity/evidence review; not independent human review),2026-09-26,https://www.consumerfinance.gov/enforcement/actions/the-mortgage-law-group-llp-et-al/; caption_sha256=fd9a9469c7d798e6d9bfdb6be3afc5b5715735b64ddbcb208af324faa869d8fe,Individually inspected reviewed caption and source summary. Named operating respondent retained separately; no unsupported similarity or affiliate rollup.
E1D949A90756B,Draper & Kramer Mortgage Corporation,nonbank_originator,nonbank_originator,,,,,,,Codex (individual identity/evidence review; not independent human review),2026-09-26,https://www.consumerfinance.gov/enforcement/actions/draper-kramer-mortgage-corporation/; caption_sha256=5432f1e6b66448cda678de7d2a7a64f63d0a166e3702cd362cb0de86a7b1f012,Individually inspected reviewed caption and source summary. Named operating respondent retained separately; no unsupported similarity or affiliate rollup.
E344804237C27,Fidelity Mortgage Corporation,nonbank_originator,nonbank_originator,,,,,,,Codex (individual identity/evidence review; not independent human review),2026-09-26,https://www.consumerfinance.gov/enforcement/actions/fidelity-mortgage-corporation-mark-figert/; caption_sha256=34cc8c59aec5cd3e3a83eade762d93b467e50f4d9edfba65aa82c58b23a5e549,Individually inspected reviewed caption and source summary. Named operating respondent retained separately; no unsupported similarity or affiliate rollup.
EA0C104A7C0C9,"Flagship Financial Group, LLC",nonbank_originator,nonbank_originator,,,,,,,Codex (individual identity/evidence review; not independent human review),2026-09-26,https://www.consumerfinance.gov/enforcement/actions/flagship-financial/; caption_sha256=ca40f637548e61582a76747212be9e43c4175b673eed7d55e7b7c657cdea5928,Individually inspected reviewed caption and source summary. Named operating respondent retained separately; no unsupported similarity or affiliate rollup.
EA7437D0C1ADA,Franklin Loan Corporation,nonbank_originator,nonbank_originator,,,,,,,Codex (individual identity/evidence review; not independent human review),2026-09-26,https://www.consumerfinance.gov/enforcement/actions/franklin-loan-corporation/; caption_sha256=94abed97474935fdb303ce9f7de25ddf1336ab972f3c99b9e5ce78f70d0dcbfe,Individually inspected reviewed caption and source summary. Named operating respondent retained separately; no unsupported similarity or affiliate rollup.
E3040837C8CE7,"Genuine Title, LLC",other,other,,,,,,,Codex (individual identity/evidence review; not independent human review),2026-09-26,https://www.consumerfinance.gov/enforcement/actions/genuine-title-2/; caption_sha256=2d91c1dcf1a73a93c54a0d10924f7b0d55acd317f4f4858fc23f6ced55f99bd9,Individually inspected reviewed caption and source summary. Named operating respondent retained separately; no unsupported similarity or affiliate rollup.
E676898A99116,Genworth Mortgage Insurance Corporation,other,other,,,,,,,Codex (individual identity/evidence review; not independent human review),2026-09-26,https://www.consumerfinance.gov/enforcement/actions/genworth-mortgage-insurance-corporation/; caption_sha256=368fb17b2da8a5914cfea106d4aaa5873b48a3787d4559404be28c1b277652ed,Individually inspected reviewed caption and source summary. Named operating respondent retained separately; no unsupported similarity or affiliate rollup.
E28FBC45D58AC,"Go Direct Lenders, Inc.",nonbank_originator,nonbank_originator,,,,,,,Codex (individual identity/evidence review; not independent human review),2026-09-26,https://www.consumerfinance.gov/enforcement/actions/go-direct-lenders-inc/; caption_sha256=5d61484ff1424352c1d4aa80acb7a9993820eaeddb43d4534d4b34b35a574c40,Individually inspected reviewed caption and source summary. Named operating respondent retained separately; no unsupported similarity or affiliate rollup.
E3CB16B430619,Guarantee Mortgage Corporation,nonbank_originator,nonbank_originator,,,,,,,Codex (individual identity/evidence review; not independent human review),2026-09-26,https://www.consumerfinance.gov/enforcement/actions/guarantee-mortgage/; caption_sha256=82c0c89c442c4323a24bf12bf3c46d5abda278ad74746c17d7007a8ecd78ae64,Individually inspected reviewed caption and source summary. Named operating respondent retained separately; no unsupported similarity or affiliate rollup.
E7AED1ED81120,"Harbour Portfolio Advisors, LLC",other,other,,,,,,,Codex (individual identity/evidence review; not independent human review),2026-09-26,https://www.consumerfinance.gov/enforcement/actions/harbour-portfolio-advisors-llc-et-al/; caption_sha256=9e0a02d5e520f0ced2f57507c974e31d3d62ee1e6f124db2f8017252279036cd,Individually inspected reviewed caption and source summary. Named operating respondent retained separately; no unsupported similarity or affiliate rollup.
EA46E191FB851,Hudson City Bancorp,bank,bank,13074,2367556,,,,E796248861ED3,Codex (individual identity/evidence review; not independent human review),2026-09-26,https://api.fdic.gov/banks/institutions,FDIC legal charter and named holding company inspected; ambiguous brand banks excluded.
E183659323CB2,"Hypotec, Inc.",nonbank_originator,nonbank_originator,,,,,,,Codex (individual identity/evidence review; not independent human review),2026-09-26,https://www.consumerfinance.gov/enforcement/actions/hypotec-inc/; caption_sha256=546c670f7e6a32b7ed7fab4b70c0e6eddf05b994ddca8efae496694ea002cabe,Individually inspected reviewed caption and source summary. Named operating respondent retained separately; no unsupported similarity or affiliate rollup.
E1A2F853BB227,"JMG Holding Partners LLC,",other,other,,,,,,,Codex (individual identity/evidence review; not independent human review),2026-09-26,https://www.consumerfinance.gov/enforcement/actions/rocket-homes-real-estate-llc-et-al/; caption_sha256=09f6e27c4bb9906b2625dbf154e5e986ea6a48cd3667be3e67fad492dd7b2fb2,Individually inspected reviewed caption and source summary. Named operating respondent retained separately; no unsupported similarity or affiliate rollup.
E61E145DD194B,"JRHBW Realty, Inc.,",other,other,,,,,,,Codex (individual identity/evidence review; not independent human review),2026-09-26,https://www.consumerfinance.gov/enforcement/actions/jrhbw-realty-inc-dba-realtysouth-titlesouth-llc/; caption_sha256=acb77c6019b7cf1df9212632a251aead689b3ba284bdd04bd5207cd79fd51ed9,Individually inspected reviewed caption and source summary. Named operating respondent retained separately; no unsupported similarity or affiliate rollup.
E112D19ECDABF,"Kyanite Services, Inc.",other,other,,,,,,,Codex (individual identity/evidence review; not independent human review),2026-09-26,https://www.consumerfinance.gov/enforcement/actions/seterus-inc/; caption_sha256=3f484dd906b3d764994b577157be8c96181ddded9a12affc7efe054424964c1a,Individually inspected reviewed caption and source summary. Named operating respondent retained separately; no unsupported similarity or affiliate rollup.
E210AF3D23D8F,"Lighthouse Title, Inc.",other,other,,,,,,,Codex (individual identity/evidence review; not independent human review),2026-09-26,https://www.consumerfinance.gov/enforcement/actions/lighthouse-title/; caption_sha256=2b3253f2e749ee9ac480e9ab8a6124a754f7b49772029dbe1afce6f8cee29382,Individually inspected reviewed caption and source summary. Named operating respondent retained separately; no unsupported similarity or affiliate rollup.
E81850A8A337B,"Loan Originator Services, LLC",other,other,,,,,,,Codex (individual identity/evidence review; not independent human review),2026-09-26,https://www.consumerfinance.gov/enforcement/actions/colony-ridge/; caption_sha256=d19c9c97798a9733091f9fa2b88cf5d2e2a51cc9bb56e363ad38326631092ee6,Individually inspected reviewed caption and source summary. Named operating respondent retained separately; no unsupported similarity or affiliate rollup.
E77D04DF1558F,Loan Payment Administration LLC,other,other,,,,,,,Codex (individual identity/evidence review; not independent human review),2026-09-26,https://www.consumerfinance.gov/enforcement/actions/nationwide-biweekly-administration/; caption_sha256=11ddd5ec8f2220315b586bd1a65ae6766a32f8edff93dc40030a1ee7f92c9385,Individually inspected reviewed caption and source summary. Named operating respondent retained separately; no unsupported similarity or affiliate rollup.
E836D1BF8A437,"Low VA Rates, LLC",other,other,,,,,,,Codex (individual identity/evidence review; not independent human review),2026-09-26,https://www.consumerfinance.gov/enforcement/actions/low-va-rates-llc/; caption_sha256=fb56edfb423a772b80fd169a583b9d20616dcefabc16b7b86b33f7df82a2fb2a,Individually inspected reviewed caption and source summary. Named operating respondent retained separately; no unsupported similarity or affiliate rollup.
E50D54E063BCE,"MARC, LLC",other,other,,,,,,,Codex (individual identity/evidence review; not independent human review),2026-09-26,https://www.consumerfinance.gov/enforcement/actions/genuine-title-2/; caption_sha256=2d91c1dcf1a73a93c54a0d10924f7b0d55acd317f4f4858fc23f6ced55f99bd9,Individually inspected reviewed caption and source summary. Named operating respondent retained separately; no unsupported similarity or affiliate rollup.
EE1776D0EF9F6,Meridian Title Corporation,other,other,,,,,,,Codex (individual identity/evidence review; not independent human review),2026-09-26,https://www.consumerfinance.gov/enforcement/actions/meridian-title-corporation/; caption_sha256=4bb479def03070f2276db57ebd5607e2fa6883a4d0e9d844171213a029d56b58,Individually inspected reviewed caption and source summary. Named operating respondent retained separately; no unsupported similarity or affiliate rollup.
EEBA7CC0BD8E7,Mortgage Guaranty Insurance Corporation,other,other,,,,,,,Codex (individual identity/evidence review; not independent human review),2026-09-26,https://www.consumerfinance.gov/enforcement/actions/mortgage-guaranty-insurance-corporation/; caption_sha256=97b898fcf317803ce1e1d82a63d98edc36d803a4a61662ab86f7e83a89573252,Individually inspected reviewed caption and source summary. Named operating respondent retained separately; no unsupported similarity or affiliate rollup.
E8BDD4FBCD641,"Mortgage Master, Inc.",nonbank_originator,nonbank_originator,,,,,,,Codex (individual identity/evidence review; not independent human review),2026-09-26,https://www.consumerfinance.gov/enforcement/actions/mortgage-master-inc/; caption_sha256=c3e37a951d76542d8e5e451233f6f55b009416f7cdd350acc9e635d1a94b50be,Individually inspected reviewed caption and source summary. Named operating respondent retained separately; no unsupported similarity or affiliate rollup.
ED0476B25A49E,"Mortgage Services, LLC",other,other,,,,,,,Codex (individual identity/evidence review; not independent human review),2026-09-26,https://www.consumerfinance.gov/enforcement/actions/genuine-title-2/; caption_sha256=2d91c1dcf1a73a93c54a0d10924f7b0d55acd317f4f4858fc23f6ced55f99bd9,Individually inspected reviewed caption and source summary. Named operating respondent retained separately; no unsupported similarity or affiliate rollup.
E96B66BB450C9,"National Asset Advisors, LLC",other,other,,,,,,,Codex (individual identity/evidence review; not independent human review),2026-09-26,https://www.consumerfinance.gov/enforcement/actions/harbour-portfolio-advisors-llc-et-al/; caption_sha256=9e0a02d5e520f0ced2f57507c974e31d3d62ee1e6f124db2f8017252279036cd,Individually inspected reviewed caption and source summary. Named operating respondent retained separately; no unsupported similarity or affiliate rollup.
EA8D22E3707EA,"National Asset Mortgage, LLC",other,other,,,,,,,Codex (individual identity/evidence review; not independent human review),2026-09-26,https://www.consumerfinance.gov/enforcement/actions/harbour-portfolio-advisors-llc-et-al/; caption_sha256=9e0a02d5e520f0ced2f57507c974e31d3d62ee1e6f124db2f8017252279036cd,Individually inspected reviewed caption and source summary. Named operating respondent retained separately; no unsupported similarity or affiliate rollup.
EBE2BEFC38878,National City Corporation,bank,bank,6557,1069125,,,,EC88D0EDB5407,Codex (individual identity/evidence review; not independent human review),2026-09-26,https://api.fdic.gov/banks/institutions,FDIC legal charter and named holding company inspected; ambiguous brand banks excluded.
ED86A82B0A17F,"National Legal Help Center, Inc.",other,other,,,,,,,Codex (individual identity/evidence review; not independent human review),2026-09-26,https://www.consumerfinance.gov/enforcement/actions/national-legal-help-center/; caption_sha256=e6f52ce4eaa72c2562e27a37f4ffeac76cdaa3f5c4ae62d2b79cec6f988454e0,Individually inspected reviewed caption and source summary. Named operating respondent retained separately; no unsupported similarity or affiliate rollup.
E1F672D2F7449,"Nationwide Biweekly Administration, Inc.",other,other,,,,,,,Codex (individual identity/evidence review; not independent human review),2026-09-26,https://www.consumerfinance.gov/enforcement/actions/nationwide-biweekly-administration/; caption_sha256=11ddd5ec8f2220315b586bd1a65ae6766a32f8edff93dc40030a1ee7f92c9385,Individually inspected reviewed caption and source summary. Named operating respondent retained separately; no unsupported similarity or affiliate rollup.
E041A1E0189E2,Nationwide Equities Corporation,nonbank_originator,nonbank_originator,,,,,,,Codex (individual identity/evidence review; not independent human review),2026-09-26,https://www.consumerfinance.gov/enforcement/actions/nationwide-equities-corporation/; caption_sha256=cd4babf50eb90eb44755cb1e6b3bc5593ccda6c4826ed84572a6515438ee4270,Individually inspected reviewed caption and source summary. Named operating respondent retained separately; no unsupported similarity or affiliate rollup.
EE96AFBA1C92C,"New Day Financial, LLC",nonbank_originator,nonbank_originator,,,,,,,Codex (individual identity/evidence review; not independent human review),2026-09-26,https://www.consumerfinance.gov/enforcement/actions/new-day-financial/; caption_sha256=7f30e949b4fd442f76718a3d04141efa82205242ce7feb96d31820d9ad8d0eeb | https://www.consumerfinance.gov/enforcement/actions/new-day-financial-2024/; caption_sha256=7f30e949b4fd442f76718a3d04141efa82205242ce7feb96d31820d9ad8d0eeb,Individually inspected reviewed caption and source summary. Named operating respondent retained separately; no unsupported similarity or affiliate rollup.
E8BB05040D341,Novo Appraisal Management Co.,other,other,,,,,,,Codex (individual identity/evidence review; not independent human review),2026-09-26,https://www.consumerfinance.gov/enforcement/actions/amerisave-mortgage-novo-appraisal-patrick-markert/; caption_sha256=a898f1b6006eb62a2b7194a5b594aa051f61258f9804fbd0f7c529fc29609caf,Individually inspected reviewed caption and source summary. Named operating respondent retained separately; no unsupported similarity or affiliate rollup.
E16D355DC8D9F,"Ocwen Loan Servicing, LLC",nonbank_servicer,nonbank_servicer,,,,,,,Codex (individual identity/evidence review; not independent human review),2026-09-26,https://www.consumerfinance.gov/enforcement/actions/ocwen-financial-corporation-ocwen-mortgage-servicing-inc-and-ocwen-loan-servicing-llc/; caption_sha256=25f3fcd8e52f6d646030db142790b2e65d22ab6c1cb79ef7390057dac735ba0a | https://www.consumerfinance.gov/enforcement/actions/ocwen-financial-corp-and-ocwen-loan-servicing-llc/; caption_sha256=b0b258a9530b7a9d0e75f7f9bf5d2831c230de07c30582b9d67b02f4fbe23a2f,Individually inspected reviewed caption and source summary. Named operating respondent retained separately; no unsupported similarity or affiliate rollup.
E2A97C0A0269D,"Ocwen Mortgage Servicing, Inc.",nonbank_servicer,nonbank_servicer,,,,,,,Codex (individual identity/evidence review; not independent human review),2026-09-26,https://www.consumerfinance.gov/enforcement/actions/ocwen-financial-corporation-ocwen-mortgage-servicing-inc-and-ocwen-loan-servicing-llc/; caption_sha256=25f3fcd8e52f6d646030db142790b2e65d22ab6c1cb79ef7390057dac735ba0a,Individually inspected reviewed caption and source summary. Named operating respondent retained separately; no unsupported similarity or affiliate rollup.
E017B72F4EB5B,PHH Corporation,other,other,,,,,,,Codex (individual identity/evidence review; not independent human review),2026-09-26,https://www.consumerfinance.gov/enforcement/actions/phh-corporation/; caption_sha256=13ddfc0671f37f0ff4d5e51cf1cc6408daf390060c1aadd304d141c5b99525d5,Individually inspected reviewed caption and source summary. Named operating respondent retained separately; no unsupported similarity or affiliate rollup.
E3040C6C50F76,"PHH Home Loans, LLC",nonbank_originator,nonbank_originator,,,,,,,Codex (individual identity/evidence review; not independent human review),2026-09-26,https://www.consumerfinance.gov/enforcement/actions/phh-corporation/; caption_sha256=13ddfc0671f37f0ff4d5e51cf1cc6408daf390060c1aadd304d141c5b99525d5,Individually inspected reviewed caption and source summary. Named operating respondent retained separately; no unsupported similarity or affiliate rollup.
EC0F2BA889C79,"PHLoans.com, Inc.",nonbank_originator,nonbank_originator,,,,,,,Codex (individual identity/evidence review; not independent human review),2026-09-26,https://www.consumerfinance.gov/enforcement/actions/phloans/; caption_sha256=bef6a5861abd24fb83793dad6573ff43044fc70e7bf6e1eb2d577c2e2ddc9405,Individually inspected reviewed caption and source summary. Named operating respondent retained separately; no unsupported similarity or affiliate rollup.
E989548045CAA,Paul Taylor Corp,other,other,,,,,,,Codex (individual identity/evidence review; not independent human review),2026-09-26,https://www.consumerfinance.gov/enforcement/actions/paul-taylor-paul-taylor-homes-limited-paul-taylor-corp/; caption_sha256=c7da502aff9bbe569bd35e4fa899c08940ed5f57cfc90321980a00a93ed8b30a,Individually inspected reviewed caption and source summary. Named operating respondent retained separately; no unsupported similarity or affiliate rollup.
E666AA07004C5,Paul Taylor Homes Limited,other,other,,,,,,,Codex (individual identity/evidence review; not independent human review),2026-09-26,https://www.consumerfinance.gov/enforcement/actions/paul-taylor-paul-taylor-homes-limited-paul-taylor-corp/; caption_sha256=c7da502aff9bbe569bd35e4fa899c08940ed5f57cfc90321980a00a93ed8b30a,Individually inspected reviewed caption and source summary. Named operating respondent retained separately; no unsupported similarity or affiliate rollup.
E336E00A9EBA6,"Paymap, Inc.",other,other,,,,,,,Codex (individual identity/evidence review; not independent human review),2026-09-26,https://www.consumerfinance.gov/enforcement/actions/paymap/; caption_sha256=bfa7e1cadb6fa7c9d550fe4d5632409e0e92a6fcfb41f9f20f87e847e98ae727,Individually inspected reviewed caption and source summary. Named operating respondent retained separately; no unsupported similarity or affiliate rollup.
E93A6F30FE45C,"Prime Choice Funding, Inc.",nonbank_originator,nonbank_originator,,,,,,,Codex (individual identity/evidence review; not independent human review),2026-09-26,https://www.consumerfinance.gov/enforcement/actions/prime-choice-funding-inc/; caption_sha256=418fdf83dc17471d0c1cb914e877e7c3e0deb2f4e4e6e87c1be75e7d97c28fa6,Individually inspected reviewed caption and source summary. Named operating respondent retained separately; no unsupported similarity or affiliate rollup.
ECF26FEA85CA8,Prospect Mortgage LLC,nonbank_originator,nonbank_originator,,,,,,,Codex (individual identity/evidence review; not independent human review),2026-09-26,https://www.consumerfinance.gov/enforcement/actions/prospect-mortgage-llc/; caption_sha256=f33f8ab2d13981b47e0086fecb81dae5bd52275929b3e5d7a5e66dbe4a948fa0,Individually inspected reviewed caption and source summary. Named operating respondent retained separately; no unsupported similarity or affiliate rollup.
E5791ABCB999B,RMK Financial Corporation,nonbank_originator,nonbank_originator,,,,,,,Codex (individual identity/evidence review; not independent human review),2026-09-26,https://www.consumerfinance.gov/enforcement/actions/rmk-financial-corporation/; caption_sha256=e48b1eaee7df477d3dbbf19fab27e9b5a95ac7e694956f4ceb13197aa3ac080f,Individually inspected reviewed caption and source summary. Named operating respondent retained separately; no unsupported similarity or affiliate rollup.
E0DE729501C1C,"R&R Marketing Group, LLC",other,other,,,,,,,Codex (individual identity/evidence review; not independent human review),2026-09-26,https://www.consumerfinance.gov/enforcement/actions/genuine-title-2/; caption_sha256=2d91c1dcf1a73a93c54a0d10924f7b0d55acd317f4f4858fc23f6ced55f99bd9,Individually inspected reviewed caption and source summary. Named operating respondent retained separately; no unsupported similarity or affiliate rollup.
EBEAB71D561E9,"RGC Services, Inc.",other,other,,,,,,,Codex (individual identity/evidence review; not independent human review),2026-09-26,https://www.consumerfinance.gov/enforcement/actions/rgc-services-inc-dba-remax-gold-coast-realtors/; caption_sha256=7a22b4a9abc58d0db0bddd17c88fa0dcba6239a3ad6694a3ab0a238412ccdc54,Individually inspected reviewed caption and source summary. Named operating respondent retained separately; no unsupported similarity or affiliate rollup.
E3F8B4CE273A2,"RPM Mortgage, Inc.",nonbank_originator,nonbank_originator,,,,,,,Codex (individual identity/evidence review; not independent human review),2026-09-26,https://www.consumerfinance.gov/enforcement/actions/rpm-mortgage/; caption_sha256=54a5a16532b12ca329765f8e96e7207594f68ec9c6fb8c41f7e39c88f917ece6,Individually inspected reviewed caption and source summary. Named operating respondent retained separately; no unsupported similarity or affiliate rollup.
E26978EEB6DDB,"Radian Guaranty, Inc.",other,other,,,,,,,Codex (individual identity/evidence review; not independent human review),2026-09-26,https://www.consumerfinance.gov/enforcement/actions/radian-guaranty-inc/; caption_sha256=25f325b826f5160e44f257c3a325d34bdc0b3c0b14193571ec618f22d9e37456,Individually inspected reviewed caption and source summary. Named operating respondent retained separately; no unsupported similarity or affiliate rollup.
E47066C001AAA,"Realty Connect USA Long Island, Inc.",other,other,,,,,,,Codex (individual identity/evidence review; not independent human review),2026-09-26,https://www.consumerfinance.gov/enforcement/actions/realty-connect-usa-long-island-inc/; caption_sha256=2f4b335b6c61ef929f98149c90eee965b55a645fd3788777487c0a04eca8c385,Individually inspected reviewed caption and source summary. Named operating respondent retained separately; no unsupported similarity or affiliate rollup.
E07B08C0DD26C,Republic Mortgage Insurance Company,other,other,,,,,,,Codex (individual identity/evidence review; not independent human review),2026-09-26,https://www.consumerfinance.gov/enforcement/actions/republic-mortgage-insurance-company/; caption_sha256=a39d8a1ba8de1a8d2b2b79767831ca0bbd8890b2a1dd2fe9020e5327d7b10fe8,Individually inspected reviewed caption and source summary. Named operating respondent retained separately; no unsupported similarity or affiliate rollup.
EB6260FD92B8C,"Rocket Homes Real Estate LLC,",other,other,,,,,,,Codex (individual identity/evidence review; not independent human review),2026-09-26,https://www.consumerfinance.gov/enforcement/actions/rocket-homes-real-estate-llc-et-al/; caption_sha256=09f6e27c4bb9906b2625dbf154e5e986ea6a48cd3667be3e67fad492dd7b2fb2,Individually inspected reviewed caption and source summary. Named operating respondent retained separately; no unsupported similarity or affiliate rollup.
EE2F0598285D6,"Service 1st Mortgage, Inc.",nonbank_originator,nonbank_originator,,,,,,,Codex (individual identity/evidence review; not independent human review),2026-09-26,https://www.consumerfinance.gov/enforcement/actions/service-1st-mortgage-inc/; caption_sha256=a2f2ef287bc156b1e57f49c43450cb988dbf0e1cce40ee72fbba8d52f765db22,Individually inspected reviewed caption and source summary. Named operating respondent retained separately; no unsupported similarity or affiliate rollup.
E925FE6047BD0,"Sovereign Lending Group, Inc.",nonbank_originator,nonbank_originator,,,,,,,Codex (individual identity/evidence review; not independent human review),2026-09-26,https://www.consumerfinance.gov/enforcement/actions/sovereign-lending-group-inc/; caption_sha256=a99852df532e627558a0fa020c7a4e277c8b0a366f3e208790f674d7ecbbc0eb,Individually inspected reviewed caption and source summary. Named operating respondent retained separately; no unsupported similarity or affiliate rollup.
EC82F30815169,"Stonebridge Title Services, Inc.",other,other,,,,,,,Codex (individual identity/evidence review; not independent human review),2026-09-26,https://www.consumerfinance.gov/enforcement/actions/stonebridge-title-services/; caption_sha256=7dee3773532e7c80d8e54c187384bf562ec1bfc416010ff3655ee695a16e3c01,Individually inspected reviewed caption and source summary. Named operating respondent retained separately; no unsupported similarity or affiliate rollup.
EB4C498D5A270,"Sutherland Global Services, Inc.",nonbank_servicer,nonbank_servicer,,,,,,,Codex (individual identity/evidence review; not independent human review),2026-09-26,https://www.consumerfinance.gov/enforcement/actions/sutherland-global-services-inc/; caption_sha256=cdcdfb0fd507db01222fd5a6ad334ea5a29842550904435c9fbdfbd7d2573b2a,Individually inspected reviewed caption and source summary. Named operating respondent retained separately; no unsupported similarity or affiliate rollup.
E3E54E1C25EA0,"Sutherland Government Solutions, Inc.",nonbank_servicer,nonbank_servicer,,,,,,,Codex (individual identity/evidence review; not independent human review),2026-09-26,https://www.consumerfinance.gov/enforcement/actions/sutherland-global-services-inc/; caption_sha256=cdcdfb0fd507db01222fd5a6ad334ea5a29842550904435c9fbdfbd7d2573b2a,Individually inspected reviewed caption and source summary. Named operating respondent retained separately; no unsupported similarity or affiliate rollup.
E1A34103731B4,"Sutherland Mortgage Services, Inc.",nonbank_servicer,nonbank_servicer,,,,,,,Codex (individual identity/evidence review; not independent human review),2026-09-26,https://www.consumerfinance.gov/enforcement/actions/sutherland-global-services-inc/; caption_sha256=cdcdfb0fd507db01222fd5a6ad334ea5a29842550904435c9fbdfbd7d2573b2a,Individually inspected reviewed caption and source summary. Named operating respondent retained separately; no unsupported similarity or affiliate rollup.
EABAE9AD55E75,"The Mortgage Law Group, LLP",other,other,,,,,,,Codex (individual identity/evidence review; not independent human review),2026-09-26,https://www.consumerfinance.gov/enforcement/actions/the-mortgage-law-group-llp-et-al/; caption_sha256=fd9a9469c7d798e6d9bfdb6be3afc5b5715735b64ddbcb208af324faa869d8fe,Individually inspected reviewed caption and source summary. Named operating respondent retained separately; no unsupported similarity or affiliate rollup.
E671E243B2434,"TitleSouth, LLC",other,other,,,,,,,Codex (individual identity/evidence review; not independent human review),2026-09-26,https://www.consumerfinance.gov/enforcement/actions/jrhbw-realty-inc-dba-realtysouth-titlesouth-llc/; caption_sha256=acb77c6019b7cf1df9212632a251aead689b3ba284bdd04bd5207cd79fd51ed9,Individually inspected reviewed caption and source summary. Named operating respondent retained separately; no unsupported similarity or affiliate rollup.
EE321BC6F8F25,"Townstone Financial, Inc.",nonbank_originator,nonbank_originator,,,,,,,Codex (individual identity/evidence review; not independent human review),2026-09-26,https://www.consumerfinance.gov/enforcement/actions/townstone-financial-inc-and-barry-sturner/; caption_sha256=3f53b914f4bc91fe1f2d52047ee9cb9f4db6a69a5635b66c5a998e3bf3f0a43c,Individually inspected reviewed caption and source summary. Named operating respondent retained separately; no unsupported similarity or affiliate rollup.
E38C5DEF756B4,"Trident Mortgage Company, LP",nonbank_originator,nonbank_originator,,,,,,,Codex (individual identity/evidence review; not independent human review),2026-09-26,https://www.consumerfinance.gov/enforcement/actions/trident-mortgage-company-lp/; caption_sha256=4bd358d4b141bfa07411a32a3c1e10558e7d8aac4dc81eedf6059ce64bd46056,Individually inspected reviewed caption and source summary. Named operating respondent retained separately; no unsupported similarity or affiliate rollup.
E1F64F22C9C13,TRUSTMARK CORP,bank,bank,4988,1079562,01J4SO3XTWZF4PP38209,,,,Codex (individual identity/evidence review; not independent human review),2026-09-26,https://api.fdic.gov/banks/institutions,FDIC legal charter and named holding company inspected; ambiguous brand banks excluded.
E50B1071F4B3F,United Guaranty Corporation,other,other,,,,,,,Codex (individual identity/evidence review; not independent human review),2026-09-26,https://www.consumerfinance.gov/enforcement/actions/united-guaranty-corporation/; caption_sha256=dcc9ce5ec2f95134f4e66479215d7d28619f8468bcded471db2756466d4f397e,Individually inspected reviewed caption and source summary. Named operating respondent retained separately; no unsupported similarity or affiliate rollup.
ED7D34A644FA7,WAFD INC,bank,bank,28088,3065617,D38AC76TAMYI50NBPX33,,,,Codex (individual identity/evidence review; not independent human review),2026-09-26,https://api.fdic.gov/banks/institutions,FDIC legal charter and named holding company inspected; ambiguous brand banks excluded.
E89E54CFFF798,"Willamette Legacy, LLC",other,other,,,,,,,Codex (individual identity/evidence review; not independent human review),2026-09-26,https://www.consumerfinance.gov/enforcement/actions/willamette-legacy-llc-dba-keller-williams-mid-willamette/; caption_sha256=d928504d2593e8b123493dcfb60c947a4b98e7c8e4dba260c36c052153f52993,Individually inspected reviewed caption and source summary. Named operating respondent retained separately; no unsupported similarity or affiliate rollup.
