entity_id,successor_entity_id,relationship,effective_date,old_name,new_name,evidence,review_note,reviewed_by,reviewed_on
E1FC3BC613A71,E1FC3BC613A71,rename,2017-08-21,Nationstar Mortgage LLC,Mr. Cooper,https://www.freddiemac.com/seasonedloanofferings/docs/SCRT_2017-3_OC%20Final.pdf,Trade brand only; operating reporter LEI unchanged.,Codex (individual identity/evidence review; not independent human review),2026-09-26
E58809E9BF1B6,E58809E9BF1B6,rename,2024-06-10,Ocwen Financial Corporation,Onity Group Inc.,https://shareholders.onitygroup.com/news-releases/news-release-details/ocwen-financial-officially-rebrands-onitytm-group,Parent rename; PHH remains a separate operating company.,Codex (individual identity/evidence review; not independent human review),2026-09-26
E30922865A8BB,E30922865A8BB,rename,2015-08-31,Green Tree Servicing LLC,Ditech Financial LLC,https://www.sec.gov/Archives/edgar/data/1040719/000104071916000052/a101311fy2015q4.htm,Green Tree survives and changes legal name; not a Newrez alias.,Codex (individual identity/evidence review; not independent human review),2026-09-26
E30922865A8BB,,asset_sale,2019-09-26,Ditech Financial LLC,New Residential selected assets,https://www.newrez.com/press-news/court-approves-nrz-asset-acquisition-of-ditech/,"Court approval date, not closure/dissolution date; no single legal successor inferred from selected asset sale.",Codex (individual identity/evidence review; not independent human review),2026-09-26
E51D05DB96886,E51D05DB96886,rename,2026-03-23,PHH Mortgage Corporation,Onity Mortgage Corporation,https://www.onitygroup.com/Privacy,Operating-company rename distinct from 2024 parent rename.,Codex (individual identity/evidence review; not independent human review),2026-09-26
E9291B3C42904,EBA75D3B76656,bank_merger,2025-05-18,Discover Bank,"Capital One, National Association",https://api.fdic.gov/banks/history?filters=CERT:5649%20AND%20CHANGECODE:223,FDIC OUT_CERT=5649 -> SUR_CERT=4297; history ID=2025013888_223_3844_2818_3844. Preserve predecessor identity on historical/raw legacy records.,Codex (individual identity/evidence review; not independent human review),2026-09-26
EC6053E325B69,ED7AC947B93AB,bank_merger,2019-12-07,SunTrust Bank,Truist Bank,https://api.fdic.gov/banks/history?filters=CERT:867%20AND%20CHANGECODE:223,FDIC OUT_CERT=867 -> SUR_CERT=9846; history ID=201911532_223_550_6300_550. Preserve predecessor identity on historical/raw legacy records.,Codex (individual identity/evidence review; not independent human review),2026-09-26
E811E1542D229,E3EF704205792,bank_merger,2022-01-04,"CIT Bank, National Association",First-Citizens Bank & Trust Company,https://api.fdic.gov/banks/history?filters=CERT:58978%20AND%20CHANGECODE:223,FDIC OUT_CERT=58978 -> SUR_CERT=11063; history ID=2022000522_223_489490_7078_489490. Preserve predecessor identity on historical/raw legacy records.,Codex (individual identity/evidence review; not independent human review),2026-09-26
E718D7EB76BA7,EC88D0EDB5407,bank_merger,2021-10-08,BBVA USA,"PNC Bank, National Association",https://api.fdic.gov/banks/history?filters=CERT:19048%20AND%20CHANGECODE:223,FDIC OUT_CERT=19048 -> SUR_CERT=6384; history ID=202125721_223_12885_4287_12885. Preserve predecessor identity on historical/raw legacy records.,Codex (individual identity/evidence review; not independent human review),2026-09-26
E9C6DA403A43C,EDFEA33F217F1,bank_merger,2021-06-09,TCF National Bank,The Huntington National Bank,https://api.fdic.gov/banks/history?filters=CERT:28330%20AND%20CHANGECODE:223,FDIC OUT_CERT=28330 -> SUR_CERT=6560; history ID=202111404_223_41164_4390_41164. Preserve predecessor identity on historical/raw legacy records.,Codex (individual identity/evidence review; not independent human review),2026-09-26
E5823FB9F8455,EA0E967627A26,bank_merger,2023-02-02,Bank of the West,BMO Harris Bank National Association,https://api.fdic.gov/banks/history?filters=CERT:3514%20AND%20CHANGECODE:223,FDIC OUT_CERT=3514 -> SUR_CERT=16571; history ID=2023012824_223_2240_10718_2240. Preserve predecessor identity on historical/raw legacy records.,Codex (individual identity/evidence review; not independent human review),2026-09-26
EA46E191FB851,E796248861ED3,bank_merger,2015-11-01,Hudson City Savings Bank,Manufacturers and Traders Trust Company,https://api.fdic.gov/banks/history?filters=CERT:13074%20AND%20CHANGECODE:223,FDIC OUT_CERT=13074 -> SUR_CERT=588; history ID=201510723_223_8265_400_8265. Preserve predecessor identity on historical/raw legacy records.,Codex (individual identity/evidence review; not independent human review),2026-09-26
EBE2BEFC38878,EC88D0EDB5407,bank_merger,2009-11-06,National City Bank,"PNC Bank, National Association",https://api.fdic.gov/banks/history?filters=CERT:6557%20AND%20CHANGECODE:223,FDIC OUT_CERT=6557 -> SUR_CERT=6384; history ID=200913800_223_4388_4287_4388. Preserve predecessor identity on historical/raw legacy records.,Codex (individual identity/evidence review; not independent human review),2026-09-26
E468B6E606834,EED6B50CF122D,bank_merger,2026-08-20,"Webster Bank, National Association","Santander Bank, N.A.",https://api.fdic.gov/banks/history?filters=CERT:18221%20AND%20CHANGECODE:223,FDIC OUT_CERT=18221 -> SUR_CERT=29950; history ID=2026024399_223_12139_42784_12139. Preserve predecessor identity on historical/raw legacy records.,Codex (individual identity/evidence review; not independent human review),2026-09-26
EE13F7D214BE9,EDFEA33F217F1,bank_merger,2026-02-01,Cadence Bank,The Huntington National Bank,https://api.fdic.gov/banks/history?filters=CERT:11813%20AND%20CHANGECODE:223,FDIC OUT_CERT=11813 -> SUR_CERT=6560; history ID=2026005285_223_7557_4390_7557. Preserve predecessor identity on historical/raw legacy records.,Codex (individual identity/evidence review; not independent human review),2026-09-26
E4CED9D7E2719,EBDAA9CD74FD1,corporate_merger,2022-12-01,Flagstar Bancorp,New York Community Bancorp,https://ir.flagstar.com/news-and-events/news-releases/press-release-details/2022/NEW-YORK-COMMUNITY-BANCORP-INC.-COMPLETES-ACQUISITION-OF-FLAGSTAR-BANCORP-INC/default.aspx,Holding company merged into NYCB; FDIC charter survives with ownership change.,Codex (individual identity/evidence review; not independent human review),2026-09-26
