entity_id,lei,valid_from,valid_to,reviewed_by,reviewed_on,evidence,review_note
EEEC3CB5858E0,KB1H1DSPRFMYMCUFXT09,,,Codex (individual identity/evidence review; not independent human review),2026-09-26,https://api.fdic.gov/banks/institutions,"Reviewed reporter LEI in archived annual HMDA identity files. Validity is entity linkage, not public data availability."
EC2C27F26E8F0,B4TYDEB6GKMZO031MB27,,,Codex (individual identity/evidence review; not independent human review),2026-09-26,https://api.fdic.gov/banks/institutions,"Reviewed reporter LEI in archived annual HMDA identity files. Validity is entity linkage, not public data availability."
EB426F57A0F60,7H6GLXDRUGQFU57RNE97,,,Codex (individual identity/evidence review; not independent human review),2026-09-26,https://api.fdic.gov/banks/institutions,"Reviewed reporter LEI in archived annual HMDA identity files. Validity is entity linkage, not public data availability."
E1FC3BC613A71,549300LBCBNR1OT00651,,,Codex (individual identity/evidence review; not independent human review),2026-09-26,data/staging/stg_complaints.parquet,"Reviewed reporter LEI in archived annual HMDA identity files. Validity is entity linkage, not public data availability."
E30922865A8BB,5493003KZFGGEWCRH554,,,Codex (individual identity/evidence review; not independent human review),2026-09-26,data/staging/stg_complaints.parquet,"Reviewed reporter LEI in archived annual HMDA identity files. Validity is entity linkage, not public data availability."
EFEEA1A616991,E57ODZWZ7FF32TWEFA76,,,Codex (individual identity/evidence review; not independent human review),2026-09-26,https://api.fdic.gov/banks/institutions,"Reviewed reporter LEI in archived annual HMDA identity files. Validity is entity linkage, not public data availability."
ED481C2307342,549300LYRWPSYPK6S325,,,Codex (individual identity/evidence review; not independent human review),2026-09-26,data/staging/stg_complaints.parquet,"Reviewed reporter LEI in archived annual HMDA identity files. Validity is entity linkage, not public data availability."
E9924BD19EECC,6BYL5QZYBDK8S7L73M02,,,Codex (individual identity/evidence review; not independent human review),2026-09-26,https://api.fdic.gov/banks/institutions,"Reviewed reporter LEI in archived annual HMDA identity files. Validity is entity linkage, not public data availability."
EFB32B9881EC7,549300QSUEE20YO86W39,,,Codex (individual identity/evidence review; not independent human review),2026-09-26,data/staging/stg_complaints.parquet,"Reviewed reporter LEI in archived annual HMDA identity files. Validity is entity linkage, not public data availability."
E1583D8BF9434,549300FGXN1K3HLB1R50,,,Codex (individual identity/evidence review; not independent human review),2026-09-26,data/staging/stg_complaints.parquet,"Reviewed reporter LEI in archived annual HMDA identity files. Validity is entity linkage, not public data availability."
EC88D0EDB5407,AD6GFRVSDT01YPT1CS68,,,Codex (individual identity/evidence review; not independent human review),2026-09-26,https://api.fdic.gov/banks/institutions,"Reviewed reporter LEI in archived annual HMDA identity files. Validity is entity linkage, not public data availability."
E204727426645,549300R9S3MVDV4MGF56,,,Codex (individual identity/evidence review; not independent human review),2026-09-26,data/staging/stg_complaints.parquet,"Reviewed reporter LEI in archived annual HMDA identity files. Validity is entity linkage, not public data availability."
E06161BBFB0B1,RVDPPPGHCGZ40J4VQ731,,,Codex (individual identity/evidence review; not independent human review),2026-09-26,data/staging/stg_complaints.parquet,"Reviewed reporter LEI in archived annual HMDA identity files. Validity is entity linkage, not public data availability."
E5571C16499FD,1IE8VN30JCEQV1H4R804,,,Codex (individual identity/evidence review; not independent human review),2026-09-26,https://api.fdic.gov/banks/institutions,"Reviewed reporter LEI in archived annual HMDA identity files. Validity is entity linkage, not public data availability."
EB2B27823D171,549300J7XKT2BI5WX213,,,Codex (individual identity/evidence review; not independent human review),2026-09-26,data/staging/stg_complaints.parquet,"Reviewed reporter LEI in archived annual HMDA identity files. Validity is entity linkage, not public data availability."
E796248861ED3,WWB2V0FCW3A0EE3ZJN75,,,Codex (individual identity/evidence review; not independent human review),2026-09-26,https://api.fdic.gov/banks/institutions,"Reviewed reporter LEI in archived annual HMDA identity files. Validity is entity linkage, not public data availability."
E4CED9D7E2719,SS1TRMSN6BRNMOREEV51,,2022-11-30,Codex (individual identity/evidence review; not independent human review),2026-09-26,https://api.fdic.gov/banks/institutions,"Reviewed reporter LEI in archived annual HMDA identity files. Validity is entity linkage, not public data availability."
EC6692485BEB4,DRMSV1Q0EKMEXLAU1P80,,,Codex (individual identity/evidence review; not independent human review),2026-09-26,https://api.fdic.gov/banks/institutions,"Reviewed reporter LEI in archived annual HMDA identity files. Validity is entity linkage, not public data availability."
EC6053E325B69,7E1PDLW1JL6TS0BS1G03,,,Codex (individual identity/evidence review; not independent human review),2026-09-26,https://api.fdic.gov/banks/institutions,"Reviewed reporter LEI in archived annual HMDA identity files. Validity is entity linkage, not public data availability."
E6BA7BF6F6970,549300D0H09HSURFXA20,,,Codex (individual identity/evidence review; not independent human review),2026-09-26,data/staging/stg_complaints.parquet,"Reviewed reporter LEI in archived annual HMDA identity files. Validity is entity linkage, not public data availability."
E7BC26E9E7EDD,549300MSX2N1BGIIVG32,,,Codex (individual identity/evidence review; not independent human review),2026-09-26,data/staging/stg_complaints.parquet,"Reviewed reporter LEI in archived annual HMDA identity files. Validity is entity linkage, not public data availability."
E99C4F19CABA9,QFROUN1UWUYU0DVIWD51,,,Codex (individual identity/evidence review; not independent human review),2026-09-26,https://api.fdic.gov/banks/institutions,"Reviewed reporter LEI in archived annual HMDA identity files. Validity is entity linkage, not public data availability."
E54523B495FBB,549300AI7PDYMZ609P28,,,Codex (individual identity/evidence review; not independent human review),2026-09-26,data/staging/stg_complaints.parquet,"Reviewed reporter LEI in archived annual HMDA identity files. Validity is entity linkage, not public data availability."
ED7AC947B93AB,JJKC32MCHWDI71265Z06,,,Codex (individual identity/evidence review; not independent human review),2026-09-26,https://api.fdic.gov/banks/institutions,"Reviewed reporter LEI in archived annual HMDA identity files. Validity is entity linkage, not public data availability."
EAC8B1082E172,5493000IIYWBLONJVJ30,,,Codex (individual identity/evidence review; not independent human review),2026-09-26,data/staging/stg_complaints.parquet,"Reviewed reporter LEI in archived annual HMDA identity files. Validity is entity linkage, not public data availability."
E3386A41C1D8E,549300NOCASXPA34X033,,,Codex (individual identity/evidence review; not independent human review),2026-09-26,data/staging/stg_complaints.parquet,"Reviewed reporter LEI in archived annual HMDA identity files. Validity is entity linkage, not public data availability."
E51D05DB96886,PAOOWF3GUFM46FBSP561,,,Codex (individual identity/evidence review; not independent human review),2026-09-26,data/staging/stg_complaints.parquet,"Reviewed reporter LEI in archived annual HMDA identity files. Validity is entity linkage, not public data availability."
E8CC698A4A61E,5493003GQDUH26DNNH17,,,Codex (individual identity/evidence review; not independent human review),2026-09-26,data/staging/stg_complaints.parquet,"Reviewed reporter LEI in archived annual HMDA identity files. Validity is entity linkage, not public data availability."
EE982339EE76B,549300HW662MN1WU8550,,,Codex (individual identity/evidence review; not independent human review),2026-09-26,data/staging/stg_complaints.parquet,"Reviewed reporter LEI in archived annual HMDA identity files. Validity is entity linkage, not public data availability."
E18CD77639D2E,254900HA4DQWAE0W3342,,,Codex (individual identity/evidence review; not independent human review),2026-09-26,data/staging/stg_complaints.parquet,"Reviewed reporter LEI in archived annual HMDA identity files. Validity is entity linkage, not public data availability."
E2ADFA9D6F7D0,03D0JEWFDFUS0SEEKG89,,,Codex (individual identity/evidence review; not independent human review),2026-09-26,https://api.fdic.gov/banks/institutions,"Reviewed reporter LEI in archived annual HMDA identity files. Validity is entity linkage, not public data availability."
E811E1542D229,FVPV0TNOIM6NUIE59530,,,Codex (individual identity/evidence review; not independent human review),2026-09-26,https://api.fdic.gov/banks/institutions,"Reviewed reporter LEI in archived annual HMDA identity files. Validity is entity linkage, not public data availability."
E2C144F51D5CE,54930021WPEXNHYZUL09,,,Codex (individual identity/evidence review; not independent human review),2026-09-26,data/staging/stg_complaints.parquet,"Reviewed reporter LEI in archived annual HMDA identity files. Validity is entity linkage, not public data availability."
E72FB15867991,549300YIQ7S7Z8PIHE53,,,Codex (individual identity/evidence review; not independent human review),2026-09-26,data/staging/stg_complaints.parquet,"Reviewed reporter LEI in archived annual HMDA identity files. Validity is entity linkage, not public data availability."
EA530F9DF6522,549300VZVN841I2ILS84,,,Codex (individual identity/evidence review; not independent human review),2026-09-26,data/staging/stg_complaints.parquet,"Reviewed reporter LEI in archived annual HMDA identity files. Validity is entity linkage, not public data availability."
EDC335F416F27,337KMNHEWWWR6B7Q7W10,,,Codex (individual identity/evidence review; not independent human review),2026-09-26,https://api.fdic.gov/banks/institutions,"Reviewed reporter LEI in archived annual HMDA identity files. Validity is entity linkage, not public data availability."
E1E10FA19D799,5Z1UQ1CWY0DQ3KJWDQ07,,,Codex (individual identity/evidence review; not independent human review),2026-09-26,https://api.fdic.gov/banks/institutions,"Reviewed reporter LEI in archived annual HMDA identity files. Validity is entity linkage, not public data availability."
EBA75D3B76656,207ALC1P1YM0OVDV0K75,,,Codex (individual identity/evidence review; not independent human review),2026-09-26,https://api.fdic.gov/banks/institutions,"Reviewed reporter LEI in archived annual HMDA identity files. Validity is entity linkage, not public data availability."
EC4B8C9B8E722,EQTWLK1G7ODGC2MGLV11,,,Codex (individual identity/evidence review; not independent human review),2026-09-26,https://api.fdic.gov/banks/institutions,"Reviewed reporter LEI in archived annual HMDA identity files. Validity is entity linkage, not public data availability."
EDFEA33F217F1,2WHM8VNJH63UN14OL754,,,Codex (individual identity/evidence review; not independent human review),2026-09-26,https://api.fdic.gov/banks/institutions,"Reviewed reporter LEI in archived annual HMDA identity files. Validity is entity linkage, not public data availability."
EED6B50CF122D,TR24TWEY5RVRQV65HD49,,,Codex (individual identity/evidence review; not independent human review),2026-09-26,https://api.fdic.gov/banks/institutions,"Reviewed reporter LEI in archived annual HMDA identity files. Validity is entity linkage, not public data availability."
EBDAA9CD74FD1,QODK9N71Q3XVQS2JKH91,,,Codex (individual identity/evidence review; not independent human review),2026-09-26,https://api.fdic.gov/banks/institutions,"Reviewed reporter LEI in archived annual HMDA identity files. Validity is entity linkage, not public data availability."
EBDAA9CD74FD1,SS1TRMSN6BRNMOREEV51,2022-12-01,,Codex (individual identity/evidence review; not independent human review),2026-09-26,https://api.fdic.gov/banks/institutions,"Reviewed reporter LEI in archived annual HMDA identity files. Validity is entity linkage, not public data availability."
E9A0A8C3892C7,549300XQVJ1XBNFA5536,,,Codex (individual identity/evidence review; not independent human review),2026-09-26,data/staging/stg_complaints.parquet,"Reviewed reporter LEI in archived annual HMDA identity files. Validity is entity linkage, not public data availability."
EA0E967627A26,3Y4U8VZURTYWI1W2K376,,,Codex (individual identity/evidence review; not independent human review),2026-09-26,https://api.fdic.gov/banks/institutions,"Reviewed reporter LEI in archived annual HMDA identity files. Validity is entity linkage, not public data availability."
EA742F32A9337,549300FX7K8PTEQUU487,,,Codex (individual identity/evidence review; not independent human review),2026-09-26,data/staging/stg_complaints.parquet,"Reviewed reporter LEI in archived annual HMDA identity files. Validity is entity linkage, not public data availability."
ED66424082417,549300JOT0D4J0SZIK67,,,Codex (individual identity/evidence review; not independent human review),2026-09-26,data/staging/stg_complaints.parquet,"Reviewed reporter LEI in archived annual HMDA identity files. Validity is entity linkage, not public data availability."
E7D4C027DB2B7,COINQMNIM6RBU631DD85,,,Codex (individual identity/evidence review; not independent human review),2026-09-26,https://api.fdic.gov/banks/institutions,"Reviewed reporter LEI in archived annual HMDA identity files. Validity is entity linkage, not public data availability."
E299C7B39C453,549300VCMRO4ST680C11,,,Codex (individual identity/evidence review; not independent human review),2026-09-26,data/staging/stg_complaints.parquet,"Reviewed reporter LEI in archived annual HMDA identity files. Validity is entity linkage, not public data availability."
EA7E086856794,549300E2UX99HKDBR481,,,Codex (individual identity/evidence review; not independent human review),2026-09-26,data/staging/stg_complaints.parquet,"Reviewed reporter LEI in archived annual HMDA identity files. Validity is entity linkage, not public data availability."
E4C87DEE7BA6C,549300U3721PJGQZYY68,,,Codex (individual identity/evidence review; not independent human review),2026-09-26,data/staging/stg_complaints.parquet,"Reviewed reporter LEI in archived annual HMDA identity files. Validity is entity linkage, not public data availability."
E3AAEFE62826F,549300BRJZYHYKT4BJ84,,,Codex (individual identity/evidence review; not independent human review),2026-09-26,data/staging/stg_complaints.parquet,"Reviewed reporter LEI in archived annual HMDA identity files. Validity is entity linkage, not public data availability."
E91A0E7620550,5493000YNV8IX4VD3X12,,,Codex (individual identity/evidence review; not independent human review),2026-09-26,data/staging/stg_complaints.parquet,"Reviewed reporter LEI in archived annual HMDA identity files. Validity is entity linkage, not public data availability."
E4907A144AE57,549300VORTI31GZTJL53,,,Codex (individual identity/evidence review; not independent human review),2026-09-26,data/staging/stg_complaints.parquet,"Reviewed reporter LEI in archived annual HMDA identity files. Validity is entity linkage, not public data availability."
E9ED450892152,549300DD5QQUHO6PCH70,,,Codex (individual identity/evidence review; not independent human review),2026-09-26,data/staging/stg_complaints.parquet,"Reviewed reporter LEI in archived annual HMDA identity files. Validity is entity linkage, not public data availability."
E4C525C3C7714,OJH4M4RQMT1WXN2BNC32,,,Codex (individual identity/evidence review; not independent human review),2026-09-26,https://api.fdic.gov/banks/institutions,"Reviewed reporter LEI in archived annual HMDA identity files. Validity is entity linkage, not public data availability."
E718D7EB76BA7,C90VT034M03BN29IRA40,,,Codex (individual identity/evidence review; not independent human review),2026-09-26,https://api.fdic.gov/banks/institutions,"Reviewed reporter LEI in archived annual HMDA identity files. Validity is entity linkage, not public data availability."
E922B5325334F,54930043BMDE130FJ617,,,Codex (individual identity/evidence review; not independent human review),2026-09-26,data/staging/stg_complaints.parquet,"Reviewed reporter LEI in archived annual HMDA identity files. Validity is entity linkage, not public data availability."
E0F85A0D4F508,549300DD4R4SYK5RAQ92,,,Codex (individual identity/evidence review; not independent human review),2026-09-26,data/staging/stg_complaints.parquet,"Reviewed reporter LEI in archived annual HMDA identity files. Validity is entity linkage, not public data availability."
E9C6DA403A43C,549300GJGUHNTC6JI536,,,Codex (individual identity/evidence review; not independent human review),2026-09-26,https://api.fdic.gov/banks/institutions,"Reviewed reporter LEI in archived annual HMDA identity files. Validity is entity linkage, not public data availability."
E0F4D2A3DE7F9,COOWI3L2W9TPYR3WJX37,,,Codex (individual identity/evidence review; not independent human review),2026-09-26,https://api.fdic.gov/banks/institutions,"Reviewed reporter LEI in archived annual HMDA identity files. Validity is entity linkage, not public data availability."
E2C85F0E46692,549300TINI6CL78UD591,,,Codex (individual identity/evidence review; not independent human review),2026-09-26,data/staging/stg_complaints.parquet,"Reviewed reporter LEI in archived annual HMDA identity files. Validity is entity linkage, not public data availability."
E9A9FF2B46D0A,549300SK2GVCQXPD4S58,,,Codex (individual identity/evidence review; not independent human review),2026-09-26,data/staging/stg_complaints.parquet,"Reviewed reporter LEI in archived annual HMDA identity files. Validity is entity linkage, not public data availability."
EC5C21EED4E5A,549300XY701IELCE5Q08,,,Codex (individual identity/evidence review; not independent human review),2026-09-26,data/staging/stg_complaints.parquet,"Reviewed reporter LEI in archived annual HMDA identity files. Validity is entity linkage, not public data availability."
E41CFAD8559FE,549300410TULSMMGDX92,,,Codex (individual identity/evidence review; not independent human review),2026-09-26,data/staging/stg_complaints.parquet,"Reviewed reporter LEI in archived annual HMDA identity files. Validity is entity linkage, not public data availability."
E6E4400138C69,FU7RSW4CQQY98A2O7J66,,,Codex (individual identity/evidence review; not independent human review),2026-09-26,https://api.fdic.gov/banks/institutions,"Reviewed reporter LEI in archived annual HMDA identity files. Validity is entity linkage, not public data availability."
ECF2F96AAE504,549300C04BJ0G297NC13,,,Codex (individual identity/evidence review; not independent human review),2026-09-26,https://api.fdic.gov/banks/institutions,"Reviewed reporter LEI in archived annual HMDA identity files. Validity is entity linkage, not public data availability."
E3E99D69D853D,549300MGPZBLQDIL7538,,,Codex (individual identity/evidence review; not independent human review),2026-09-26,data/staging/stg_complaints.parquet,"Reviewed reporter LEI in archived annual HMDA identity files. Validity is entity linkage, not public data availability."
EEA501D46F351,5493008CPTDVOS570626,,,Codex (individual identity/evidence review; not independent human review),2026-09-26,https://api.fdic.gov/banks/institutions,"Reviewed reporter LEI in archived annual HMDA identity files. Validity is entity linkage, not public data availability."
E3083051A1527,5493008E4KBJCB6UKR64,,,Codex (individual identity/evidence review; not independent human review),2026-09-26,data/staging/stg_complaints.parquet,"Reviewed reporter LEI in archived annual HMDA identity files. Validity is entity linkage, not public data availability."
EDE60FD674DA6,549300JYXTZDSPJEPI44,,,Codex (individual identity/evidence review; not independent human review),2026-09-26,data/staging/stg_complaints.parquet,"Reviewed reporter LEI in archived annual HMDA identity files. Validity is entity linkage, not public data availability."
EEABDDDD2DFE8,IUGPUX5LWRZ3B6KIZ697,,,Codex (individual identity/evidence review; not independent human review),2026-09-26,https://api.fdic.gov/banks/institutions,"Reviewed reporter LEI in archived annual HMDA identity files. Validity is entity linkage, not public data availability."
E9291B3C42904,X05BVSK68TQ7YTOSNR22,,,Codex (individual identity/evidence review; not independent human review),2026-09-26,https://api.fdic.gov/banks/institutions,"Reviewed reporter LEI in archived annual HMDA identity files. Validity is entity linkage, not public data availability."
E5823FB9F8455,QOT5WN9RBKQTFRVKEV31,,,Codex (individual identity/evidence review; not independent human review),2026-09-26,https://api.fdic.gov/banks/institutions,"Reviewed reporter LEI in archived annual HMDA identity files. Validity is entity linkage, not public data availability."
EB7F1B7690613,54930052M48FOD3CWA54,,,Codex (individual identity/evidence review; not independent human review),2026-09-26,data/staging/stg_complaints.parquet,"Reviewed reporter LEI in archived annual HMDA identity files. Validity is entity linkage, not public data availability."
EB65DCEF09CD6,254900ZFWS2106HWPH46,,,Codex (individual identity/evidence review; not independent human review),2026-09-26,data/staging/stg_complaints.parquet,"Reviewed reporter LEI in archived annual HMDA identity files. Validity is entity linkage, not public data availability."
EC85B7D656E53,549300DT53TVM4JSTM24,,,Codex (individual identity/evidence review; not independent human review),2026-09-26,data/staging/stg_complaints.parquet,"Reviewed reporter LEI in archived annual HMDA identity files. Validity is entity linkage, not public data availability."
EB2869CB18595,549300WWJ28EP3GZG107,,,Codex (individual identity/evidence review; not independent human review),2026-09-26,https://api.fdic.gov/banks/institutions,"Reviewed reporter LEI in archived annual HMDA identity files. Validity is entity linkage, not public data availability."
E4C7F433D63C0,ZF85QS7OXKPBG52R7N18,,,Codex (individual identity/evidence review; not independent human review),2026-09-26,https://api.fdic.gov/banks/institutions,"Reviewed reporter LEI in archived annual HMDA identity files. Validity is entity linkage, not public data availability."
E6C300C66AB15,5493008NWHQT1R22C024,,,Codex (individual identity/evidence review; not independent human review),2026-09-26,data/staging/stg_complaints.parquet,"Reviewed reporter LEI in archived annual HMDA identity files. Validity is entity linkage, not public data availability."
E4AED565BA8B0,5493006RIR31ORKYB608,,,Codex (individual identity/evidence review; not independent human review),2026-09-26,data/staging/stg_complaints.parquet,"Reviewed reporter LEI in archived annual HMDA identity files. Validity is entity linkage, not public data availability."
EC36798CEE27E,54930034MNPILHP25H80,,,Codex (individual identity/evidence review; not independent human review),2026-09-26,https://api.fdic.gov/banks/institutions,"Reviewed reporter LEI in archived annual HMDA identity files. Validity is entity linkage, not public data availability."
EFC98082BDBFD,N8T7HW55LK5D2ORCKP39,,,Codex (individual identity/evidence review; not independent human review),2026-09-26,https://api.fdic.gov/banks/institutions,"Reviewed reporter LEI in archived annual HMDA identity files. Validity is entity linkage, not public data availability."
E1AC4ADE944DE,8WH0EE09O9V05QJZ3V89,,,Codex (individual identity/evidence review; not independent human review),2026-09-26,https://api.fdic.gov/banks/institutions,"Reviewed reporter LEI in archived annual HMDA identity files. Validity is entity linkage, not public data availability."
E5AD7D28D6C06,549300RPOGWJRH63HS39,,,Codex (individual identity/evidence review; not independent human review),2026-09-26,data/staging/stg_complaints.parquet,"Reviewed reporter LEI in archived annual HMDA identity files. Validity is entity linkage, not public data availability."
E55E8F997C41C,549300121SF0K2LN2804,,,Codex (individual identity/evidence review; not independent human review),2026-09-26,data/staging/stg_complaints.parquet,"Reviewed reporter LEI in archived annual HMDA identity files. Validity is entity linkage, not public data availability."
E468B6E606834,WV0OVGBTLUP1XIUJE722,,,Codex (individual identity/evidence review; not independent human review),2026-09-26,https://api.fdic.gov/banks/institutions,"Reviewed reporter LEI in archived annual HMDA identity files. Validity is entity linkage, not public data availability."
E595375A39DFA,54930049L5WINET09Q97,,,Codex (individual identity/evidence review; not independent human review),2026-09-26,data/staging/stg_complaints.parquet,"Reviewed reporter LEI in archived annual HMDA identity files. Validity is entity linkage, not public data availability."
EBA3A552C2F88,549300PBTV7FCWLSMM53,,,Codex (individual identity/evidence review; not independent human review),2026-09-26,data/staging/stg_complaints.parquet,"Reviewed reporter LEI in archived annual HMDA identity files. Validity is entity linkage, not public data availability."
E9C236160D8B5,BFLFJ4PXRGDML87ZYT33,,,Codex (individual identity/evidence review; not independent human review),2026-09-26,https://api.fdic.gov/banks/institutions,"Reviewed reporter LEI in archived annual HMDA identity files. Validity is entity linkage, not public data availability."
EE034DEE8CD18,5493001SXWZ4OFP8Z903,,,Codex (individual identity/evidence review; not independent human review),2026-09-26,data/staging/stg_complaints.parquet,"Reviewed reporter LEI in archived annual HMDA identity files. Validity is entity linkage, not public data availability."
E395472B677AD,5493005DKMV1IHIM8E20,,,Codex (individual identity/evidence review; not independent human review),2026-09-26,https://api.fdic.gov/banks/institutions,"Reviewed reporter LEI in archived annual HMDA identity files. Validity is entity linkage, not public data availability."
EA25032638622,5493002B2WMHY23GFK92,,,Codex (individual identity/evidence review; not independent human review),2026-09-26,data/staging/stg_complaints.parquet,"Reviewed reporter LEI in archived annual HMDA identity files. Validity is entity linkage, not public data availability."
EC2ADB5FF5E55,549300XWUSRVVOHPRY47,,,Codex (individual identity/evidence review; not independent human review),2026-09-26,data/staging/stg_complaints.parquet,"Reviewed reporter LEI in archived annual HMDA identity files. Validity is entity linkage, not public data availability."
EA662D8AAC5CF,2549009X2AG1P20YAJ63,,,Codex (individual identity/evidence review; not independent human review),2026-09-26,https://api.fdic.gov/banks/institutions,"Reviewed reporter LEI in archived annual HMDA identity files. Validity is entity linkage, not public data availability."
E9BB41D032619,549300U2WRK55BY8UC05,,,Codex (individual identity/evidence review; not independent human review),2026-09-26,data/staging/stg_complaints.parquet,"Reviewed reporter LEI in archived annual HMDA identity files. Validity is entity linkage, not public data availability."
E141256315B89,HUX2X73FUCYHUVH1BK78,,,Codex (individual identity/evidence review; not independent human review),2026-09-26,https://files.ffiec.cfpb.gov/static-data/snapshot/2023/2023_public_panel_csv.zip,Reporter RSSD explicitly equals one reviewed FDIC charter FED_RSSD; parent LEI not substituted.
EB82EE4EBB125,C5654JQHZUHN0772B561,,,Codex (individual identity/evidence review; not independent human review),2026-09-26,https://files.ffiec.cfpb.gov/static-data/snapshot/2023/2023_public_panel_csv.zip,Reporter RSSD explicitly equals one reviewed FDIC charter FED_RSSD; parent LEI not substituted.
E9C6D3A158F9C,549300GS0W0TEUQS8571,,,Codex (individual identity/evidence review; not independent human review),2026-09-26,https://files.ffiec.cfpb.gov/static-data/snapshot/2023/2023_public_panel_csv.zip,Reporter RSSD explicitly equals one reviewed FDIC charter FED_RSSD; parent LEI not substituted.
E3EF704205792,L9VVX1KT5TFTKS0MLF66,,,Codex (individual identity/evidence review; not independent human review),2026-09-26,https://files.ffiec.cfpb.gov/static-data/snapshot/2023/2023_public_panel_csv.zip,Reporter RSSD explicitly equals one reviewed FDIC charter FED_RSSD; parent LEI not substituted.
E36F4BD58BE4A,4EP6JBYBTPTQ47LZOB67,,,Codex (individual identity/evidence review; not independent human review),2026-09-26,https://files.ffiec.cfpb.gov/static-data/snapshot/2023/2023_public_panel_csv.zip,Reporter RSSD explicitly equals one reviewed FDIC charter FED_RSSD; parent LEI not substituted.
EE13F7D214BE9,Q7C315HKI8VX0SSKBS64,,,Codex (individual identity/evidence review; not independent human review),2026-09-26,https://files.ffiec.cfpb.gov/static-data/snapshot/2023/2023_public_panel_csv.zip,Reporter RSSD explicitly equals one reviewed FDIC charter FED_RSSD; parent LEI not substituted.
E1F64F22C9C13,01J4SO3XTWZF4PP38209,,,Codex (individual identity/evidence review; not independent human review),2026-09-26,https://files.ffiec.cfpb.gov/static-data/snapshot/2023/2023_public_panel_csv.zip,Reporter RSSD explicitly equals one reviewed FDIC charter FED_RSSD; parent LEI not substituted.
ED7D34A644FA7,D38AC76TAMYI50NBPX33,,,Codex (individual identity/evidence review; not independent human review),2026-09-26,https://files.ffiec.cfpb.gov/static-data/snapshot/2023/2023_public_panel_csv.zip,Reporter RSSD explicitly equals one reviewed FDIC charter FED_RSSD; parent LEI not substituted.
